INSERT INTO sys_dept (dept_id, pid, sub_count, name, dept_sort, enabled, create_by, update_by, create_time, update_time) VALUES (2, 7, 1, '研发部', 3, TRUE, 'admin', 'admin', '2019-03-25 09:15:32', '2020-08-02 14:48:47');
INSERT INTO sys_dept (dept_id, pid, sub_count, name, dept_sort, enabled, create_by, update_by, create_time, update_time) VALUES (5, 7, 0, '运维部', 4, TRUE, 'admin', 'admin', '2019-03-25 09:20:44', '2020-05-17 14:27:27');
INSERT INTO sys_dept (dept_id, pid, sub_count, name, dept_sort, enabled, create_by, update_by, create_time, update_time) VALUES (6, 8, 0, '测试部', 6, TRUE, 'admin', 'admin', '2019-03-25 09:52:18', '2020-06-08 11:59:21');
INSERT INTO sys_dept (dept_id, pid, sub_count, name, dept_sort, enabled, create_by, update_by, create_time, update_time) VALUES (7, NULL, 2, '华南分部', 0, TRUE, 'admin', 'admin', '2019-03-25 11:04:50', '2020-06-08 12:08:56');
INSERT INTO sys_dept (dept_id, pid, sub_count, name, dept_sort, enabled, create_by, update_by, create_time, update_time) VALUES (8, NULL, 2, '华北分部', 1, TRUE, 'admin', 'admin', '2019-03-25 11:04:53', '2020-05-14 12:54:00');
INSERT INTO sys_dept (dept_id, pid, sub_count, name, dept_sort, enabled, create_by, update_by, create_time, update_time) VALUES (15, 8, 0, 'UI部门', 7, TRUE, 'admin', 'admin', '2020-05-13 22:56:53', '2020-05-14 12:54:13');
INSERT INTO sys_dept (dept_id, pid, sub_count, name, dept_sort, enabled, create_by, update_by, create_time, update_time) VALUES (17, 2, 0, '研发一组', 999, TRUE, 'admin', 'admin', '2020-08-02 14:49:07', '2020-08-02 14:49:07');

INSERT INTO sys_dict (dict_id, name, description, create_by, update_by, create_time, update_time) VALUES (1, 'user_status', '用户状态', NULL, NULL, '2019-10-27 20:31:36', NULL);
INSERT INTO sys_dict (dict_id, name, description, create_by, update_by, create_time, update_time) VALUES (4, 'dept_status', '部门状态', NULL, NULL, '2019-10-27 20:31:36', NULL);
INSERT INTO sys_dict (dict_id, name, description, create_by, update_by, create_time, update_time) VALUES (5, 'job_status', '岗位状态', NULL, 'admin', '2019-10-27 20:31:36', '2025-01-14 15:48:29');

INSERT INTO sys_dict_detail (detail_id, dict_id, label, value, dict_sort, create_by, update_by, create_time, update_time) VALUES (1, 1, '激活', 'true', 1, NULL, NULL, '2019-10-27 20:31:36', NULL);
INSERT INTO sys_dict_detail (detail_id, dict_id, label, value, dict_sort, create_by, update_by, create_time, update_time) VALUES (2, 1, '禁用', 'false', 2, NULL, NULL, NULL, NULL);
INSERT INTO sys_dict_detail (detail_id, dict_id, label, value, dict_sort, create_by, update_by, create_time, update_time) VALUES (3, 4, '启用', 'true', 1, NULL, NULL, NULL, NULL);
INSERT INTO sys_dict_detail (detail_id, dict_id, label, value, dict_sort, create_by, update_by, create_time, update_time) VALUES (4, 4, '停用', 'false', 2, NULL, NULL, '2019-10-27 20:31:36', NULL);
INSERT INTO sys_dict_detail (detail_id, dict_id, label, value, dict_sort, create_by, update_by, create_time, update_time) VALUES (5, 5, '启用', 'true', 1, NULL, NULL, NULL, NULL);
INSERT INTO sys_dict_detail (detail_id, dict_id, label, value, dict_sort, create_by, update_by, create_time, update_time) VALUES (6, 5, '停用', 'false', 2, NULL, NULL, '2019-10-27 20:31:36', NULL);

INSERT INTO sys_job (job_id, name, enabled, job_sort, create_by, update_by, create_time, update_time) VALUES (8, '人事专员', TRUE, 3, NULL, NULL, '2019-03-29 14:52:28', NULL);
INSERT INTO sys_job (job_id, name, enabled, job_sort, create_by, update_by, create_time, update_time) VALUES (10, '产品经理', TRUE, 4, NULL, NULL, '2019-03-29 14:55:51', NULL);
INSERT INTO sys_job (job_id, name, enabled, job_sort, create_by, update_by, create_time, update_time) VALUES (11, '全栈开发', TRUE, 2, NULL, 'admin', '2019-03-31 13:39:30', '2020-05-05 11:33:43');
INSERT INTO sys_job (job_id, name, enabled, job_sort, create_by, update_by, create_time, update_time) VALUES (12, '软件测试', TRUE, 5, NULL, 'admin', '2019-03-31 13:39:43', '2020-05-10 19:56:26');

INSERT INTO sys_menu (menu_id, pid, sub_count, type, title, name, component, menu_sort, icon, path, i_frame, cache, hidden, permission, create_by, update_by, create_time, update_time) VALUES (1, NULL, 7, 0, '系统管理', NULL, NULL, 1, 'system', 'system', FALSE, FALSE, FALSE, NULL, NULL, 'admin', '2018-12-18 15:11:29', '2025-01-14 15:48:18');
INSERT INTO sys_menu (menu_id, pid, sub_count, type, title, name, component, menu_sort, icon, path, i_frame, cache, hidden, permission, create_by, update_by, create_time, update_time) VALUES (2, 1, 3, 1, '用户管理', 'User', 'system/user/index', 2, 'peoples', 'user', FALSE, FALSE, FALSE, 'user:list', NULL, NULL, '2018-12-18 15:14:44', NULL);
INSERT INTO sys_menu (menu_id, pid, sub_count, type, title, name, component, menu_sort, icon, path, i_frame, cache, hidden, permission, create_by, update_by, create_time, update_time) VALUES (3, 1, 3, 1, '角色管理', 'Role', 'system/role/index', 3, 'role', 'role', FALSE, FALSE, FALSE, 'roles:list', NULL, NULL, '2018-12-18 15:16:07', NULL);
INSERT INTO sys_menu (menu_id, pid, sub_count, type, title, name, component, menu_sort, icon, path, i_frame, cache, hidden, permission, create_by, update_by, create_time, update_time) VALUES (5, 1, 3, 1, '菜单管理', 'Menu', 'system/menu/index', 5, 'menu', 'menu', FALSE, FALSE, FALSE, 'menu:list', NULL, NULL, '2018-12-18 15:17:28', NULL);
INSERT INTO sys_menu (menu_id, pid, sub_count, type, title, name, component, menu_sort, icon, path, i_frame, cache, hidden, permission, create_by, update_by, create_time, update_time) VALUES (6, NULL, 5, 0, '系统监控', NULL, NULL, 10, 'monitor', 'monitor', FALSE, FALSE, FALSE, NULL, NULL, NULL, '2018-12-18 15:17:48', NULL);
INSERT INTO sys_menu (menu_id, pid, sub_count, type, title, name, component, menu_sort, icon, path, i_frame, cache, hidden, permission, create_by, update_by, create_time, update_time) VALUES (7, 6, 0, 1, '操作日志', 'Log', 'monitor/log/index', 11, 'log', 'logs', FALSE, TRUE, FALSE, NULL, NULL, 'admin', '2018-12-18 15:18:26', '2020-06-06 13:11:57');
INSERT INTO sys_menu (menu_id, pid, sub_count, type, title, name, component, menu_sort, icon, path, i_frame, cache, hidden, permission, create_by, update_by, create_time, update_time) VALUES (9, 6, 0, 1, 'SQL监控', 'Sql', 'monitor/sql/index', 18, 'sqlMonitor', 'druid', FALSE, FALSE, FALSE, NULL, NULL, NULL, '2018-12-18 15:19:34', NULL);
INSERT INTO sys_menu (menu_id, pid, sub_count, type, title, name, component, menu_sort, icon, path, i_frame, cache, hidden, permission, create_by, update_by, create_time, update_time) VALUES (10, NULL, 5, 0, '组件管理', NULL, NULL, 50, 'zujian', 'components', FALSE, FALSE, FALSE, NULL, NULL, NULL, '2018-12-19 13:38:16', NULL);
INSERT INTO sys_menu (menu_id, pid, sub_count, type, title, name, component, menu_sort, icon, path, i_frame, cache, hidden, permission, create_by, update_by, create_time, update_time) VALUES (11, 10, 0, 1, '图标库', 'Icons', 'components/icons/index', 51, 'icon', 'icon', FALSE, FALSE, FALSE, NULL, NULL, NULL, '2018-12-19 13:38:49', NULL);
INSERT INTO sys_menu (menu_id, pid, sub_count, type, title, name, component, menu_sort, icon, path, i_frame, cache, hidden, permission, create_by, update_by, create_time, update_time) VALUES (14, 36, 0, 1, '邮件工具', 'Email', 'tools/email/index', 35, 'email', 'email', FALSE, FALSE, FALSE, NULL, NULL, NULL, '2018-12-27 10:13:09', NULL);
INSERT INTO sys_menu (menu_id, pid, sub_count, type, title, name, component, menu_sort, icon, path, i_frame, cache, hidden, permission, create_by, update_by, create_time, update_time) VALUES (15, 10, 0, 1, '富文本', 'Editor', 'components/Editor', 52, 'fwb', 'tinymce', FALSE, FALSE, FALSE, NULL, NULL, NULL, '2018-12-27 11:58:25', NULL);
INSERT INTO sys_menu (menu_id, pid, sub_count, type, title, name, component, menu_sort, icon, path, i_frame, cache, hidden, permission, create_by, update_by, create_time, update_time) VALUES (18, 36, 3, 1, '存储管理', 'Storage', 'tools/storage/index', 34, 'qiniu', 'storage', FALSE, FALSE, FALSE, 'storage:list', NULL, NULL, '2018-12-31 11:12:15', NULL);
INSERT INTO sys_menu (menu_id, pid, sub_count, type, title, name, component, menu_sort, icon, path, i_frame, cache, hidden, permission, create_by, update_by, create_time, update_time) VALUES (19, 36, 0, 1, '支付宝工具', 'AliPay', 'tools/aliPay/index', 37, 'alipay', 'aliPay', FALSE, FALSE, FALSE, NULL, NULL, NULL, '2018-12-31 14:52:38', NULL);
INSERT INTO sys_menu (menu_id, pid, sub_count, type, title, name, component, menu_sort, icon, path, i_frame, cache, hidden, permission, create_by, update_by, create_time, update_time) VALUES (21, NULL, 2, 0, '多级菜单', NULL, '', 900, 'menu', 'nested', FALSE, FALSE, FALSE, NULL, NULL, 'admin', '2019-01-04 16:22:03', '2020-06-21 17:27:35');
INSERT INTO sys_menu (menu_id, pid, sub_count, type, title, name, component, menu_sort, icon, path, i_frame, cache, hidden, permission, create_by, update_by, create_time, update_time) VALUES (22, 21, 2, 0, '二级菜单1', NULL, '', 999, 'menu', 'menu1', FALSE, FALSE, FALSE, NULL, NULL, 'admin', '2019-01-04 16:23:29', '2020-06-21 17:27:20');
INSERT INTO sys_menu (menu_id, pid, sub_count, type, title, name, component, menu_sort, icon, path, i_frame, cache, hidden, permission, create_by, update_by, create_time, update_time) VALUES (23, 21, 0, 1, '二级菜单2', NULL, 'nested/menu2/index', 999, 'menu', 'menu2', FALSE, FALSE, FALSE, NULL, NULL, NULL, '2019-01-04 16:23:57', NULL);
INSERT INTO sys_menu (menu_id, pid, sub_count, type, title, name, component, menu_sort, icon, path, i_frame, cache, hidden, permission, create_by, update_by, create_time, update_time) VALUES (24, 22, 0, 1, '三级菜单1', 'Test', 'nested/menu1/menu1-1', 999, 'menu', 'menu1-1', FALSE, FALSE, FALSE, NULL, NULL, NULL, '2019-01-04 16:24:48', NULL);
INSERT INTO sys_menu (menu_id, pid, sub_count, type, title, name, component, menu_sort, icon, path, i_frame, cache, hidden, permission, create_by, update_by, create_time, update_time) VALUES (27, 22, 0, 1, '三级菜单2', NULL, 'nested/menu1/menu1-2', 999, 'menu', 'menu1-2', FALSE, FALSE, FALSE, NULL, NULL, NULL, '2019-01-07 17:27:32', NULL);
INSERT INTO sys_menu (menu_id, pid, sub_count, type, title, name, component, menu_sort, icon, path, i_frame, cache, hidden, permission, create_by, update_by, create_time, update_time) VALUES (28, 1, 3, 1, '任务调度', 'Timing', 'system/timing/index', 999, 'timing', 'timing', FALSE, FALSE, FALSE, 'timing:list', NULL, NULL, '2019-01-07 20:34:40', NULL);
INSERT INTO sys_menu (menu_id, pid, sub_count, type, title, name, component, menu_sort, icon, path, i_frame, cache, hidden, permission, create_by, update_by, create_time, update_time) VALUES (30, 36, 0, 1, '代码生成', 'GeneratorIndex', 'generator/index', 32, 'dev', 'generator', FALSE, TRUE, FALSE, NULL, NULL, NULL, '2019-01-11 15:45:55', NULL);
INSERT INTO sys_menu (menu_id, pid, sub_count, type, title, name, component, menu_sort, icon, path, i_frame, cache, hidden, permission, create_by, update_by, create_time, update_time) VALUES (32, 6, 0, 1, '异常日志', 'ErrorLog', 'monitor/log/errorLog', 12, 'error', 'errorLog', FALSE, FALSE, FALSE, NULL, NULL, NULL, '2019-01-13 13:49:03', NULL);
INSERT INTO sys_menu (menu_id, pid, sub_count, type, title, name, component, menu_sort, icon, path, i_frame, cache, hidden, permission, create_by, update_by, create_time, update_time) VALUES (33, 10, 0, 1, 'Markdown', 'Markdown', 'components/MarkDown', 53, 'markdown', 'markdown', FALSE, FALSE, FALSE, NULL, NULL, NULL, '2019-03-08 13:46:44', NULL);
INSERT INTO sys_menu (menu_id, pid, sub_count, type, title, name, component, menu_sort, icon, path, i_frame, cache, hidden, permission, create_by, update_by, create_time, update_time) VALUES (34, 10, 0, 1, 'Yaml编辑器', 'YamlEdit', 'components/YamlEdit', 54, 'dev', 'yaml', FALSE, FALSE, FALSE, NULL, NULL, NULL, '2019-03-08 15:49:40', NULL);
INSERT INTO sys_menu (menu_id, pid, sub_count, type, title, name, component, menu_sort, icon, path, i_frame, cache, hidden, permission, create_by, update_by, create_time, update_time) VALUES (35, 1, 3, 1, '部门管理', 'Dept', 'system/dept/index', 6, 'dept', 'dept', FALSE, FALSE, FALSE, 'dept:list', NULL, NULL, '2019-03-25 09:46:00', NULL);
INSERT INTO sys_menu (menu_id, pid, sub_count, type, title, name, component, menu_sort, icon, path, i_frame, cache, hidden, permission, create_by, update_by, create_time, update_time) VALUES (36, NULL, 6, 0, '系统工具', NULL, '', 30, 'sys-tools', 'sys-tools', FALSE, FALSE, FALSE, NULL, NULL, NULL, '2019-03-29 10:57:35', NULL);
INSERT INTO sys_menu (menu_id, pid, sub_count, type, title, name, component, menu_sort, icon, path, i_frame, cache, hidden, permission, create_by, update_by, create_time, update_time) VALUES (37, 1, 3, 1, '岗位管理', 'Job', 'system/job/index', 7, 'Steve-Jobs', 'job', FALSE, FALSE, FALSE, 'job:list', NULL, NULL, '2019-03-29 13:51:18', NULL);
INSERT INTO sys_menu (menu_id, pid, sub_count, type, title, name, component, menu_sort, icon, path, i_frame, cache, hidden, permission, create_by, update_by, create_time, update_time) VALUES (39, 1, 3, 1, '字典管理', 'Dict', 'system/dict/index', 8, 'dictionary', 'dict', FALSE, FALSE, FALSE, 'dict:list', NULL, NULL, '2019-04-10 11:49:04', NULL);
INSERT INTO sys_menu (menu_id, pid, sub_count, type, title, name, component, menu_sort, icon, path, i_frame, cache, hidden, permission, create_by, update_by, create_time, update_time) VALUES (41, 6, 0, 1, '在线用户', 'OnlineUser', 'monitor/online/index', 10, 'Steve-Jobs', 'online', FALSE, FALSE, FALSE, NULL, NULL, NULL, '2019-10-26 22:08:43', NULL);
INSERT INTO sys_menu (menu_id, pid, sub_count, type, title, name, component, menu_sort, icon, path, i_frame, cache, hidden, permission, create_by, update_by, create_time, update_time) VALUES (44, 2, 0, 2, '用户新增', NULL, '', 2, '', '', FALSE, FALSE, FALSE, 'user:add', NULL, NULL, '2019-10-29 10:59:46', NULL);
INSERT INTO sys_menu (menu_id, pid, sub_count, type, title, name, component, menu_sort, icon, path, i_frame, cache, hidden, permission, create_by, update_by, create_time, update_time) VALUES (45, 2, 0, 2, '用户编辑', NULL, '', 3, '', '', FALSE, FALSE, FALSE, 'user:edit', NULL, NULL, '2019-10-29 11:00:08', NULL);
INSERT INTO sys_menu (menu_id, pid, sub_count, type, title, name, component, menu_sort, icon, path, i_frame, cache, hidden, permission, create_by, update_by, create_time, update_time) VALUES (46, 2, 0, 2, '用户删除', NULL, '', 4, '', '', FALSE, FALSE, FALSE, 'user:del', NULL, NULL, '2019-10-29 11:00:23', NULL);
INSERT INTO sys_menu (menu_id, pid, sub_count, type, title, name, component, menu_sort, icon, path, i_frame, cache, hidden, permission, create_by, update_by, create_time, update_time) VALUES (48, 3, 0, 2, '角色创建', NULL, '', 2, '', '', FALSE, FALSE, FALSE, 'roles:add', NULL, NULL, '2019-10-29 12:45:34', NULL);
INSERT INTO sys_menu (menu_id, pid, sub_count, type, title, name, component, menu_sort, icon, path, i_frame, cache, hidden, permission, create_by, update_by, create_time, update_time) VALUES (49, 3, 0, 2, '角色修改', NULL, '', 3, '', '', FALSE, FALSE, FALSE, 'roles:edit', NULL, NULL, '2019-10-29 12:46:16', NULL);
INSERT INTO sys_menu (menu_id, pid, sub_count, type, title, name, component, menu_sort, icon, path, i_frame, cache, hidden, permission, create_by, update_by, create_time, update_time) VALUES (50, 3, 0, 2, '角色删除', NULL, '', 4, '', '', FALSE, FALSE, FALSE, 'roles:del', NULL, NULL, '2019-10-29 12:46:51', NULL);
INSERT INTO sys_menu (menu_id, pid, sub_count, type, title, name, component, menu_sort, icon, path, i_frame, cache, hidden, permission, create_by, update_by, create_time, update_time) VALUES (52, 5, 0, 2, '菜单新增', NULL, '', 2, '', '', FALSE, FALSE, FALSE, 'menu:add', NULL, NULL, '2019-10-29 12:55:07', NULL);
INSERT INTO sys_menu (menu_id, pid, sub_count, type, title, name, component, menu_sort, icon, path, i_frame, cache, hidden, permission, create_by, update_by, create_time, update_time) VALUES (53, 5, 0, 2, '菜单编辑', NULL, '', 3, '', '', FALSE, FALSE, FALSE, 'menu:edit', NULL, NULL, '2019-10-29 12:55:40', NULL);
INSERT INTO sys_menu (menu_id, pid, sub_count, type, title, name, component, menu_sort, icon, path, i_frame, cache, hidden, permission, create_by, update_by, create_time, update_time) VALUES (54, 5, 0, 2, '菜单删除', NULL, '', 4, '', '', FALSE, FALSE, FALSE, 'menu:del', NULL, NULL, '2019-10-29 12:56:00', NULL);
INSERT INTO sys_menu (menu_id, pid, sub_count, type, title, name, component, menu_sort, icon, path, i_frame, cache, hidden, permission, create_by, update_by, create_time, update_time) VALUES (56, 35, 0, 2, '部门新增', NULL, '', 2, '', '', FALSE, FALSE, FALSE, 'dept:add', NULL, NULL, '2019-10-29 12:57:09', NULL);
INSERT INTO sys_menu (menu_id, pid, sub_count, type, title, name, component, menu_sort, icon, path, i_frame, cache, hidden, permission, create_by, update_by, create_time, update_time) VALUES (57, 35, 0, 2, '部门编辑', NULL, '', 3, '', '', FALSE, FALSE, FALSE, 'dept:edit', NULL, NULL, '2019-10-29 12:57:27', NULL);
INSERT INTO sys_menu (menu_id, pid, sub_count, type, title, name, component, menu_sort, icon, path, i_frame, cache, hidden, permission, create_by, update_by, create_time, update_time) VALUES (58, 35, 0, 2, '部门删除', NULL, '', 4, '', '', FALSE, FALSE, FALSE, 'dept:del', NULL, NULL, '2019-10-29 12:57:41', NULL);
INSERT INTO sys_menu (menu_id, pid, sub_count, type, title, name, component, menu_sort, icon, path, i_frame, cache, hidden, permission, create_by, update_by, create_time, update_time) VALUES (60, 37, 0, 2, '岗位新增', NULL, '', 2, '', '', FALSE, FALSE, FALSE, 'job:add', NULL, NULL, '2019-10-29 12:58:27', NULL);
INSERT INTO sys_menu (menu_id, pid, sub_count, type, title, name, component, menu_sort, icon, path, i_frame, cache, hidden, permission, create_by, update_by, create_time, update_time) VALUES (61, 37, 0, 2, '岗位编辑', NULL, '', 3, '', '', FALSE, FALSE, FALSE, 'job:edit', NULL, NULL, '2019-10-29 12:58:45', NULL);
INSERT INTO sys_menu (menu_id, pid, sub_count, type, title, name, component, menu_sort, icon, path, i_frame, cache, hidden, permission, create_by, update_by, create_time, update_time) VALUES (62, 37, 0, 2, '岗位删除', NULL, '', 4, '', '', FALSE, FALSE, FALSE, 'job:del', NULL, NULL, '2019-10-29 12:59:04', NULL);
INSERT INTO sys_menu (menu_id, pid, sub_count, type, title, name, component, menu_sort, icon, path, i_frame, cache, hidden, permission, create_by, update_by, create_time, update_time) VALUES (64, 39, 0, 2, '字典新增', NULL, '', 2, '', '', FALSE, FALSE, FALSE, 'dict:add', NULL, NULL, '2019-10-29 13:00:17', NULL);
INSERT INTO sys_menu (menu_id, pid, sub_count, type, title, name, component, menu_sort, icon, path, i_frame, cache, hidden, permission, create_by, update_by, create_time, update_time) VALUES (65, 39, 0, 2, '字典编辑', NULL, '', 3, '', '', FALSE, FALSE, FALSE, 'dict:edit', NULL, NULL, '2019-10-29 13:00:42', NULL);
INSERT INTO sys_menu (menu_id, pid, sub_count, type, title, name, component, menu_sort, icon, path, i_frame, cache, hidden, permission, create_by, update_by, create_time, update_time) VALUES (66, 39, 0, 2, '字典删除', NULL, '', 4, '', '', FALSE, FALSE, FALSE, 'dict:del', NULL, NULL, '2019-10-29 13:00:59', NULL);
INSERT INTO sys_menu (menu_id, pid, sub_count, type, title, name, component, menu_sort, icon, path, i_frame, cache, hidden, permission, create_by, update_by, create_time, update_time) VALUES (73, 28, 0, 2, '任务新增', NULL, '', 2, '', '', FALSE, FALSE, FALSE, 'timing:add', NULL, NULL, '2019-10-29 13:07:28', NULL);
INSERT INTO sys_menu (menu_id, pid, sub_count, type, title, name, component, menu_sort, icon, path, i_frame, cache, hidden, permission, create_by, update_by, create_time, update_time) VALUES (74, 28, 0, 2, '任务编辑', NULL, '', 3, '', '', FALSE, FALSE, FALSE, 'timing:edit', NULL, NULL, '2019-10-29 13:07:41', NULL);
INSERT INTO sys_menu (menu_id, pid, sub_count, type, title, name, component, menu_sort, icon, path, i_frame, cache, hidden, permission, create_by, update_by, create_time, update_time) VALUES (75, 28, 0, 2, '任务删除', NULL, '', 4, '', '', FALSE, FALSE, FALSE, 'timing:del', NULL, NULL, '2019-10-29 13:07:54', NULL);
INSERT INTO sys_menu (menu_id, pid, sub_count, type, title, name, component, menu_sort, icon, path, i_frame, cache, hidden, permission, create_by, update_by, create_time, update_time) VALUES (77, 18, 0, 2, '上传文件', NULL, '', 2, '', '', FALSE, FALSE, FALSE, 'storage:add', NULL, NULL, '2019-10-29 13:09:09', NULL);
INSERT INTO sys_menu (menu_id, pid, sub_count, type, title, name, component, menu_sort, icon, path, i_frame, cache, hidden, permission, create_by, update_by, create_time, update_time) VALUES (78, 18, 0, 2, '文件编辑', NULL, '', 3, '', '', FALSE, FALSE, FALSE, 'storage:edit', NULL, NULL, '2019-10-29 13:09:22', NULL);
INSERT INTO sys_menu (menu_id, pid, sub_count, type, title, name, component, menu_sort, icon, path, i_frame, cache, hidden, permission, create_by, update_by, create_time, update_time) VALUES (79, 18, 0, 2, '文件删除', NULL, '', 4, '', '', FALSE, FALSE, FALSE, 'storage:del', NULL, NULL, '2019-10-29 13:09:34', NULL);
INSERT INTO sys_menu (menu_id, pid, sub_count, type, title, name, component, menu_sort, icon, path, i_frame, cache, hidden, permission, create_by, update_by, create_time, update_time) VALUES (80, 6, 0, 1, '服务监控', 'ServerMonitor', 'monitor/server/index', 14, 'codeConsole', 'server', FALSE, FALSE, FALSE, 'monitor:list', NULL, 'admin', '2019-11-07 13:06:39', '2020-05-04 18:20:50');
INSERT INTO sys_menu (menu_id, pid, sub_count, type, title, name, component, menu_sort, icon, path, i_frame, cache, hidden, permission, create_by, update_by, create_time, update_time) VALUES (82, 36, 0, 1, '生成配置', 'GeneratorConfig', 'generator/config', 33, 'dev', 'generatorConfig', FALSE, TRUE, FALSE, NULL, NULL, NULL, '2019-11-20 11:26:06', NULL);
INSERT INTO sys_menu (menu_id, pid, sub_count, type, title, name, component, menu_sort, icon, path, i_frame, cache, hidden, permission, create_by, update_by, create_time, update_time) VALUES (83, 10, 0, 1, 'Excle', 'Excle', 'components/Excle', 55, 'excle', 'excle', FALSE, FALSE, FALSE, NULL, NULL, NULL, '2019-11-20 11:31:27', NULL);
INSERT INTO sys_menu (menu_id, pid, sub_count, type, title, name, component, menu_sort, icon, path, i_frame, cache, hidden, permission, create_by, update_by, create_time, update_time) VALUES (97, 1, 0, 2, '部门新增', NULL, '', 2, '', '', FALSE, FALSE, FALSE, 'dept:add', NULL, NULL, '2020-05-13 22:56:44', NULL);
INSERT INTO sys_menu (menu_id, pid, sub_count, type, title, name, component, menu_sort, icon, path, i_frame, cache, hidden, permission, create_by, update_by, create_time, update_time) VALUES (98, 1, 0, 2, '部门编辑', NULL, '', 3, '', '', FALSE, FALSE, FALSE, 'dept:edit', NULL, NULL, '2020-05-13 22:57:10', NULL);
INSERT INTO sys_menu (menu_id, pid, sub_count, type, title, name, component, menu_sort, icon, path, i_frame, cache, hidden, permission, create_by, update_by, create_time, update_time) VALUES (102, 1, 0, 2, '角色新增', NULL, '', 2, '', '', FALSE, FALSE, FALSE, 'roles:add', NULL, NULL, '2020-06-06 13:10:43', NULL);
INSERT INTO sys_menu (menu_id, pid, sub_count, type, title, name, component, menu_sort, icon, path, i_frame, cache, hidden, permission, create_by, update_by, create_time, update_time) VALUES (103, 1, 0, 2, '角色编辑', NULL, '', 3, '', '', FALSE, FALSE, FALSE, 'roles:edit', NULL, NULL, '2020-06-06 13:10:55', NULL);
INSERT INTO sys_menu (menu_id, pid, sub_count, type, title, name, component, menu_sort, icon, path, i_frame, cache, hidden, permission, create_by, update_by, create_time, update_time) VALUES (104, 1, 0, 2, '角色删除', NULL, '', 4, '', '', FALSE, FALSE, FALSE, 'roles:del', NULL, NULL, '2020-06-06 13:11:08', NULL);
INSERT INTO sys_menu (menu_id, pid, sub_count, type, title, name, component, menu_sort, icon, path, i_frame, cache, hidden, permission, create_by, update_by, create_time, update_time) VALUES (105, 1, 0, 2, '字典新增', NULL, '', 2, '', '', FALSE, FALSE, FALSE, 'dict:add', NULL, NULL, '2020-06-06 13:11:28', NULL);
INSERT INTO sys_menu (menu_id, pid, sub_count, type, title, name, component, menu_sort, icon, path, i_frame, cache, hidden, permission, create_by, update_by, create_time, update_time) VALUES (106, 1, 0, 2, '字典编辑', NULL, '', 3, '', '', FALSE, FALSE, FALSE, 'dict:edit', NULL, NULL, '2020-06-06 13:11:37', NULL);
INSERT INTO sys_menu (menu_id, pid, sub_count, type, title, name, component, menu_sort, icon, path, i_frame, cache, hidden, permission, create_by, update_by, create_time, update_time) VALUES (107, 1, 0, 2, '字典删除', NULL, '', 4, '', '', FALSE, FALSE, FALSE, 'dict:del', NULL, NULL, '2020-06-06 13:11:47', NULL);
INSERT INTO sys_menu (menu_id, pid, sub_count, type, title, name, component, menu_sort, icon, path, i_frame, cache, hidden, permission, create_by, update_by, create_time, update_time) VALUES (108, 1, 0, 2, '岗位新增', NULL, '', 2, '', '', FALSE, FALSE, FALSE, 'job:add', NULL, NULL, '2020-06-06 13:12:04', NULL);
INSERT INTO sys_menu (menu_id, pid, sub_count, type, title, name, component, menu_sort, icon, path, i_frame, cache, hidden, permission, create_by, update_by, create_time, update_time) VALUES (109, 1, 0, 2, '岗位编辑', NULL, '', 3, '', '', FALSE, FALSE, FALSE, 'job:edit', NULL, NULL, '2020-06-06 13:12:14', NULL);
INSERT INTO sys_menu (menu_id, pid, sub_count, type, title, name, component, menu_sort, icon, path, i_frame, cache, hidden, permission, create_by, update_by, create_time, update_time) VALUES (110, 1, 0, 2, '岗位删除', NULL, '', 4, '', '', FALSE, FALSE, FALSE, 'job:del', NULL, NULL, '2020-06-06 13:12:24', NULL);
INSERT INTO sys_menu (menu_id, pid, sub_count, type, title, name, component, menu_sort, icon, path, i_frame, cache, hidden, permission, create_by, update_by, create_time, update_time) VALUES (111, 1, 0, 2, '任务新增', NULL, '', 2, '', '', FALSE, FALSE, FALSE, 'timing:add', NULL, NULL, '2020-06-07 11:19:22', NULL);
INSERT INTO sys_menu (menu_id, pid, sub_count, type, title, name, component, menu_sort, icon, path, i_frame, cache, hidden, permission, create_by, update_by, create_time, update_time) VALUES (116, 36, 0, 1, '接口文档', 'Swagger', 'tools/swagger/index', 36, 'swagger', 'swagger2', FALSE, FALSE, FALSE, NULL, NULL, 'admin', '2020-06-28 20:44:24', NULL);

INSERT INTO sys_quartz_job (job_id, bean_name, cron_expression, is_pause, job_name, method_name, params, description, person_in_charge, email, sub_task, pause_after_failure, create_by, update_by, create_time, update_time) VALUES (2, 'testTask', '0/5 * * * * ?', TRUE, '测试1', 'run1', 'test', '带参测试，多参使用json', '测试', NULL, NULL, NULL, NULL, 'admin', '2019-08-22 14:08:29', '2020-05-24 13:58:33');
INSERT INTO sys_quartz_job (job_id, bean_name, cron_expression, is_pause, job_name, method_name, params, description, person_in_charge, email, sub_task, pause_after_failure, create_by, update_by, create_time, update_time) VALUES (3, 'testTask', '0/5 * * * * ?', TRUE, '测试', 'run', '', '不带参测试', 'Zheng Jie', '', '6', TRUE, NULL, 'admin', '2019-09-26 16:44:39', '2020-05-24 14:48:12');
INSERT INTO sys_quartz_job (job_id, bean_name, cron_expression, is_pause, job_name, method_name, params, description, person_in_charge, email, sub_task, pause_after_failure, create_by, update_by, create_time, update_time) VALUES (5, 'Test', '0/5 * * * * ?', TRUE, '任务告警测试', 'run', NULL, '测试', 'test', '', NULL, TRUE, 'admin', 'admin', '2020-05-05 20:32:41', '2020-05-05 20:36:13');
INSERT INTO sys_quartz_job (job_id, bean_name, cron_expression, is_pause, job_name, method_name, params, description, person_in_charge, email, sub_task, pause_after_failure, create_by, update_by, create_time, update_time) VALUES (6, 'testTask', '0/5 * * * * ?', TRUE, '测试3', 'run2', NULL, '测试3', 'Zheng Jie', '', NULL, TRUE, 'admin', 'admin', '2020-05-05 20:35:41', '2020-05-05 20:36:07');

INSERT INTO sys_role (role_id, name, level, description, data_scope, create_by, update_by, create_time, update_time) VALUES (1, '管理员', 1, '-', '全部', NULL, 'admin', '2018-11-23 11:04:37', '2025-01-21 14:53:13');
INSERT INTO sys_role (role_id, name, level, description, data_scope, create_by, update_by, create_time, update_time) VALUES (2, '普通用户', 2, '-', '本级', NULL, 'admin', '2018-11-23 13:09:06', '2020-09-05 10:45:12');

INSERT INTO sys_roles_menus (menu_id, role_id) VALUES (1, 1);
INSERT INTO sys_roles_menus (menu_id, role_id) VALUES (1, 2);
INSERT INTO sys_roles_menus (menu_id, role_id) VALUES (2, 1);
INSERT INTO sys_roles_menus (menu_id, role_id) VALUES (2, 2);
INSERT INTO sys_roles_menus (menu_id, role_id) VALUES (3, 1);
INSERT INTO sys_roles_menus (menu_id, role_id) VALUES (5, 1);
INSERT INTO sys_roles_menus (menu_id, role_id) VALUES (6, 1);
INSERT INTO sys_roles_menus (menu_id, role_id) VALUES (6, 2);
INSERT INTO sys_roles_menus (menu_id, role_id) VALUES (7, 1);
INSERT INTO sys_roles_menus (menu_id, role_id) VALUES (7, 2);
INSERT INTO sys_roles_menus (menu_id, role_id) VALUES (9, 1);
INSERT INTO sys_roles_menus (menu_id, role_id) VALUES (9, 2);
INSERT INTO sys_roles_menus (menu_id, role_id) VALUES (10, 1);
INSERT INTO sys_roles_menus (menu_id, role_id) VALUES (10, 2);
INSERT INTO sys_roles_menus (menu_id, role_id) VALUES (11, 1);
INSERT INTO sys_roles_menus (menu_id, role_id) VALUES (11, 2);
INSERT INTO sys_roles_menus (menu_id, role_id) VALUES (14, 1);
INSERT INTO sys_roles_menus (menu_id, role_id) VALUES (14, 2);
INSERT INTO sys_roles_menus (menu_id, role_id) VALUES (15, 1);
INSERT INTO sys_roles_menus (menu_id, role_id) VALUES (15, 2);
INSERT INTO sys_roles_menus (menu_id, role_id) VALUES (18, 1);
INSERT INTO sys_roles_menus (menu_id, role_id) VALUES (19, 1);
INSERT INTO sys_roles_menus (menu_id, role_id) VALUES (19, 2);
INSERT INTO sys_roles_menus (menu_id, role_id) VALUES (21, 1);
INSERT INTO sys_roles_menus (menu_id, role_id) VALUES (21, 2);
INSERT INTO sys_roles_menus (menu_id, role_id) VALUES (22, 1);
INSERT INTO sys_roles_menus (menu_id, role_id) VALUES (22, 2);
INSERT INTO sys_roles_menus (menu_id, role_id) VALUES (23, 1);
INSERT INTO sys_roles_menus (menu_id, role_id) VALUES (23, 2);
INSERT INTO sys_roles_menus (menu_id, role_id) VALUES (24, 1);
INSERT INTO sys_roles_menus (menu_id, role_id) VALUES (24, 2);
INSERT INTO sys_roles_menus (menu_id, role_id) VALUES (27, 1);
INSERT INTO sys_roles_menus (menu_id, role_id) VALUES (27, 2);
INSERT INTO sys_roles_menus (menu_id, role_id) VALUES (28, 1);
INSERT INTO sys_roles_menus (menu_id, role_id) VALUES (30, 1);
INSERT INTO sys_roles_menus (menu_id, role_id) VALUES (30, 2);
INSERT INTO sys_roles_menus (menu_id, role_id) VALUES (32, 1);
INSERT INTO sys_roles_menus (menu_id, role_id) VALUES (32, 2);
INSERT INTO sys_roles_menus (menu_id, role_id) VALUES (33, 1);
INSERT INTO sys_roles_menus (menu_id, role_id) VALUES (33, 2);
INSERT INTO sys_roles_menus (menu_id, role_id) VALUES (34, 1);
INSERT INTO sys_roles_menus (menu_id, role_id) VALUES (34, 2);
INSERT INTO sys_roles_menus (menu_id, role_id) VALUES (35, 1);
INSERT INTO sys_roles_menus (menu_id, role_id) VALUES (36, 1);
INSERT INTO sys_roles_menus (menu_id, role_id) VALUES (36, 2);
INSERT INTO sys_roles_menus (menu_id, role_id) VALUES (37, 1);
INSERT INTO sys_roles_menus (menu_id, role_id) VALUES (39, 1);
INSERT INTO sys_roles_menus (menu_id, role_id) VALUES (41, 1);
INSERT INTO sys_roles_menus (menu_id, role_id) VALUES (44, 1);
INSERT INTO sys_roles_menus (menu_id, role_id) VALUES (45, 1);
INSERT INTO sys_roles_menus (menu_id, role_id) VALUES (46, 1);
INSERT INTO sys_roles_menus (menu_id, role_id) VALUES (48, 1);
INSERT INTO sys_roles_menus (menu_id, role_id) VALUES (49, 1);
INSERT INTO sys_roles_menus (menu_id, role_id) VALUES (50, 1);
INSERT INTO sys_roles_menus (menu_id, role_id) VALUES (52, 1);
INSERT INTO sys_roles_menus (menu_id, role_id) VALUES (53, 1);
INSERT INTO sys_roles_menus (menu_id, role_id) VALUES (54, 1);
INSERT INTO sys_roles_menus (menu_id, role_id) VALUES (56, 1);
INSERT INTO sys_roles_menus (menu_id, role_id) VALUES (57, 1);
INSERT INTO sys_roles_menus (menu_id, role_id) VALUES (58, 1);
INSERT INTO sys_roles_menus (menu_id, role_id) VALUES (60, 1);
INSERT INTO sys_roles_menus (menu_id, role_id) VALUES (61, 1);
INSERT INTO sys_roles_menus (menu_id, role_id) VALUES (62, 1);
INSERT INTO sys_roles_menus (menu_id, role_id) VALUES (64, 1);
INSERT INTO sys_roles_menus (menu_id, role_id) VALUES (65, 1);
INSERT INTO sys_roles_menus (menu_id, role_id) VALUES (66, 1);
INSERT INTO sys_roles_menus (menu_id, role_id) VALUES (73, 1);
INSERT INTO sys_roles_menus (menu_id, role_id) VALUES (74, 1);
INSERT INTO sys_roles_menus (menu_id, role_id) VALUES (75, 1);
INSERT INTO sys_roles_menus (menu_id, role_id) VALUES (77, 1);
INSERT INTO sys_roles_menus (menu_id, role_id) VALUES (78, 1);
INSERT INTO sys_roles_menus (menu_id, role_id) VALUES (79, 1);
INSERT INTO sys_roles_menus (menu_id, role_id) VALUES (80, 1);
INSERT INTO sys_roles_menus (menu_id, role_id) VALUES (80, 2);
INSERT INTO sys_roles_menus (menu_id, role_id) VALUES (82, 1);
INSERT INTO sys_roles_menus (menu_id, role_id) VALUES (82, 2);
INSERT INTO sys_roles_menus (menu_id, role_id) VALUES (83, 1);
INSERT INTO sys_roles_menus (menu_id, role_id) VALUES (83, 2);
INSERT INTO sys_roles_menus (menu_id, role_id) VALUES (97, 1);
INSERT INTO sys_roles_menus (menu_id, role_id) VALUES (98, 1);
INSERT INTO sys_roles_menus (menu_id, role_id) VALUES (102, 1);
INSERT INTO sys_roles_menus (menu_id, role_id) VALUES (103, 1);
INSERT INTO sys_roles_menus (menu_id, role_id) VALUES (104, 1);
INSERT INTO sys_roles_menus (menu_id, role_id) VALUES (105, 1);
INSERT INTO sys_roles_menus (menu_id, role_id) VALUES (106, 1);
INSERT INTO sys_roles_menus (menu_id, role_id) VALUES (107, 1);
INSERT INTO sys_roles_menus (menu_id, role_id) VALUES (108, 1);
INSERT INTO sys_roles_menus (menu_id, role_id) VALUES (109, 1);
INSERT INTO sys_roles_menus (menu_id, role_id) VALUES (110, 1);
INSERT INTO sys_roles_menus (menu_id, role_id) VALUES (111, 1);
INSERT INTO sys_roles_menus (menu_id, role_id) VALUES (116, 1);
INSERT INTO sys_roles_menus (menu_id, role_id) VALUES (116, 2);

INSERT INTO sys_user (user_id, dept_id, username, nick_name, gender, phone, email, avatar_name, avatar_path, password, is_admin, enabled, create_by, update_by, pwd_reset_time, create_time, update_time) VALUES (1, 2, 'admin', '管理员', '男', '18888888888', '201507802@qq.com', NULL, NULL, '$2a$10$Egp1/gvFlt7zhlXVfEFw4OfWQCGPw0ClmMcc6FjTnvXNRVf9zdMRa', TRUE, TRUE, NULL, 'admin', '2020-05-03 16:38:31', '2018-08-23 09:11:56', '2025-01-22 10:26:42');
INSERT INTO sys_user (user_id, dept_id, username, nick_name, gender, phone, email, avatar_name, avatar_path, password, is_admin, enabled, create_by, update_by, pwd_reset_time, create_time, update_time) VALUES (2, 7, 'test', '测试', '男', '19999999999', '231@qq.com', NULL, NULL, '$2a$10$4XcyudOYTSz6fue6KFNMHeUQnCX5jbBQypLEnGk1PmekXt5c95JcK', FALSE, TRUE, 'admin', 'admin', NULL, '2020-05-05 11:15:49', '2025-01-21 14:53:04');

INSERT INTO sys_users_jobs (user_id, job_id) VALUES (1, 11);
INSERT INTO sys_users_jobs (user_id, job_id) VALUES (2, 12);

INSERT INTO sys_users_roles (user_id, role_id) VALUES (1, 1);
INSERT INTO sys_users_roles (user_id, role_id) VALUES (2, 2);
