/*
 Navicat Premium Data Transfer

 Source Server         : 本地
 Source Server Type    : MySQL
 Source Server Version : 50562
 Source Host           : localhost:3306
 Source Schema         : eladmin

 Target Server Type    : MySQL
 Target Server Version : 50562
 File Encoding         : 65001

 Date: 31/10/2019 12:24:38
*/

SET NAMES utf8mb4;
SET FOREIGN_KEY_CHECKS = 0;

-- ----------------------------
-- Table structure for alipay_config
-- ----------------------------
DROP TABLE IF EXISTS `alipay_config`;
CREATE TABLE `alipay_config`  (
  `id` bigint(20) NOT NULL AUTO_INCREMENT COMMENT '主键',
  `app_id` varchar(255) CHARACTER SET utf8 COLLATE utf8_general_ci NULL DEFAULT NULL COMMENT '应用ID',
  `charset` varchar(255) CHARACTER SET utf8 COLLATE utf8_general_ci NULL DEFAULT NULL COMMENT '编码',
  `format` varchar(255) CHARACTER SET utf8 COLLATE utf8_general_ci NULL DEFAULT NULL COMMENT '类型 固定格式json',
  `gateway_url` varchar(255) CHARACTER SET utf8 COLLATE utf8_general_ci NULL DEFAULT NULL COMMENT '网关地址',
  `notify_url` varchar(255) CHARACTER SET utf8 COLLATE utf8_general_ci NULL DEFAULT NULL COMMENT '异步回调',
  `private_key` text CHARACTER SET utf8 COLLATE utf8_general_ci NULL COMMENT '私钥',
  `public_key` text CHARACTER SET utf8 COLLATE utf8_general_ci NULL COMMENT '公钥',
  `return_url` varchar(255) CHARACTER SET utf8 COLLATE utf8_general_ci NULL DEFAULT NULL COMMENT '回调地址',
  `sign_type` varchar(255) CHARACTER SET utf8 COLLATE utf8_general_ci NULL DEFAULT NULL COMMENT '签名方式',
  `sys_service_provider_id` varchar(255) CHARACTER SET utf8 COLLATE utf8_general_ci NULL DEFAULT NULL COMMENT '商户号',
  PRIMARY KEY (`id`) USING BTREE
) ENGINE = InnoDB AUTO_INCREMENT = 2 CHARACTER SET = utf8 COLLATE = utf8_general_ci ROW_FORMAT = Compact;

-- ----------------------------
-- Records of alipay_config
-- ----------------------------
INSERT INTO `alipay_config` VALUES (1, '2016091700532697', 'utf-8', 'JSON', 'https://openapi.alipaydev.com/gateway.do', 'http://api.auauz.net/api/aliPay/notify', 'MIIEvAIBADANBgkqhkiG9w0BAQEFAASCBKYwggSiAgEAAoIBAQC5js8sInU10AJ0cAQ8UMMyXrQ+oHZEkVt5lBwsStmTJ7YikVYgbskx1YYEXTojRsWCb+SH/kDmDU4pK/u91SJ4KFCRMF2411piYuXU/jF96zKrADznYh/zAraqT6hvAIVtQAlMHN53nx16rLzZ/8jDEkaSwT7+HvHiS+7sxSojnu/3oV7BtgISoUNstmSe8WpWHOaWv19xyS+Mce9MY4BfseFhzTICUymUQdd/8hXA28/H6osUfAgsnxAKv7Wil3aJSgaJczWuflYOve0dJ3InZkhw5Cvr0atwpk8YKBQjy5CdkoHqvkOcIB+cYHXJKzOE5tqU7inSwVbHzOLQ3XbnAgMBAAECggEAVJp5eT0Ixg1eYSqFs9568WdetUNCSUchNxDBu6wxAbhUgfRUGZuJnnAll63OCTGGck+EGkFh48JjRcBpGoeoHLL88QXlZZbC/iLrea6gcDIhuvfzzOffe1RcZtDFEj9hlotg8dQj1tS0gy9pN9g4+EBH7zeu+fyv+qb2e/v1l6FkISXUjpkD7RLQr3ykjiiEw9BpeKb7j5s7Kdx1NNIzhkcQKNqlk8JrTGDNInbDM6inZfwwIO2R1DHinwdfKWkvOTODTYa2MoAvVMFT9Bec9FbLpoWp7ogv1JMV9svgrcF9XLzANZ/OQvkbe9TV9GWYvIbxN6qwQioKCWO4GPnCAQKBgQDgW5MgfhX8yjXqoaUy/d1VjI8dHeIyw8d+OBAYwaxRSlCfyQ+tieWcR2HdTzPca0T0GkWcKZm0ei5xRURgxt4DUDLXNh26HG0qObbtLJdu/AuBUuCqgOiLqJ2f1uIbrz6OZUHns+bT/jGW2Ws8+C13zTCZkZt9CaQsrp3QOGDx5wKBgQDTul39hp3ZPwGNFeZdkGoUoViOSd5Lhowd5wYMGAEXWRLlU8z+smT5v0POz9JnIbCRchIY2FAPKRdVTICzmPk2EPJFxYTcwaNbVqL6lN7J2IlXXMiit5QbiLauo55w7plwV6LQmKm9KV7JsZs5XwqF7CEovI7GevFzyD3w+uizAQKBgC3LY1eRhOlpWOIAhpjG6qOoohmeXOphvdmMlfSHq6WYFqbWwmV4rS5d/6LNpNdL6fItXqIGd8I34jzql49taCmi+A2nlR/E559j0mvM20gjGDIYeZUz5MOE8k+K6/IcrhcgofgqZ2ZED1ksHdB/E8DNWCswZl16V1FrfvjeWSNnAoGAMrBplCrIW5xz+J0Hm9rZKrs+AkK5D4fUv8vxbK/KgxZ2KaUYbNm0xv39c+PZUYuFRCz1HDGdaSPDTE6WeWjkMQd5mS6ikl9hhpqFRkyh0d0fdGToO9yLftQKOGE/q3XUEktI1XvXF0xyPwNgUCnq0QkpHyGVZPtGFxwXiDvpvgECgYA5PoB+nY8iDiRaJNko9w0hL4AeKogwf+4TbCw+KWVEn6jhuJa4LFTdSqp89PktQaoVpwv92el/AhYjWOl/jVCm122f9b7GyoelbjMNolToDwe5pF5RnSpEuDdLy9MfE8LnE3PlbE7E5BipQ3UjSebkgNboLHH/lNZA5qvEtvbfvQ==', 'MIIBIjANBgkqhkiG9w0BAQEFAAOCAQ8AMIIBCgKCAQEAut9evKRuHJ/2QNfDlLwvN/S8l9hRAgPbb0u61bm4AtzaTGsLeMtScetxTWJnVvAVpMS9luhEJjt+Sbk5TNLArsgzzwARgaTKOLMT1TvWAK5EbHyI+eSrc3s7Awe1VYGwcubRFWDm16eQLv0k7iqiw+4mweHSz/wWyvBJVgwLoQ02btVtAQErCfSJCOmt0Q/oJQjj08YNRV4EKzB19+f5A+HQVAKy72dSybTzAK+3FPtTtNen/+b5wGeat7c32dhYHnGorPkPeXLtsqqUTp1su5fMfd4lElNdZaoCI7osZxWWUo17vBCZnyeXc9fk0qwD9mK6yRAxNbrY72Xx5VqIqwIDAQAB', 'http://api.auauz.net/api/aliPay/return', 'RSA2', '2088102176044281');

-- ----------------------------
-- Table structure for dept
-- ----------------------------
DROP TABLE IF EXISTS `dept`;
CREATE TABLE `dept`  (
  `id` bigint(20) NOT NULL AUTO_INCREMENT COMMENT 'ID',
  `name` varchar(255) CHARACTER SET utf8 COLLATE utf8_general_ci NOT NULL COMMENT '名称',
  `pid` bigint(20) NOT NULL COMMENT '上级部门',
  `enabled` bit(1) NOT NULL,
  `create_time` datetime NULL DEFAULT NULL,
  PRIMARY KEY (`id`) USING BTREE
) ENGINE = InnoDB AUTO_INCREMENT = 14 CHARACTER SET = utf8 COLLATE = utf8_general_ci ROW_FORMAT = Compact;

-- ----------------------------
-- Records of dept
-- ----------------------------
INSERT INTO `dept` VALUES (1, 'eladmin', 0, b'1', '2019-03-25 09:14:05');
INSERT INTO `dept` VALUES (2, '研发部', 7, b'1', '2019-03-25 09:15:32');
INSERT INTO `dept` VALUES (5, '运维部', 7, b'1', '2019-03-25 09:20:44');
INSERT INTO `dept` VALUES (6, '测试部', 8, b'1', '2019-03-25 09:52:18');
INSERT INTO `dept` VALUES (7, '华南分部', 1, b'1', '2019-03-25 11:04:50');
INSERT INTO `dept` VALUES (8, '华北分部', 1, b'1', '2019-03-25 11:04:53');
INSERT INTO `dept` VALUES (11, '人事部', 8, b'1', '2019-03-25 11:07:58');

-- ----------------------------
-- Table structure for dict
-- ----------------------------
DROP TABLE IF EXISTS `dict`;
CREATE TABLE `dict`  (
  `id` bigint(11) NOT NULL AUTO_INCREMENT,
  `name` varchar(255) CHARACTER SET utf8 COLLATE utf8_general_ci NOT NULL COMMENT '字典名称',
  `remark` varchar(255) CHARACTER SET utf8 COLLATE utf8_general_ci NULL DEFAULT NULL COMMENT '描述',
  `create_time` datetime NULL DEFAULT NULL,
  PRIMARY KEY (`id`) USING BTREE
) ENGINE = InnoDB AUTO_INCREMENT = 8 CHARACTER SET = utf8 COLLATE = utf8_general_ci ROW_FORMAT = Compact;

-- ----------------------------
-- Records of dict
-- ----------------------------
INSERT INTO `dict` VALUES (1, 'user_status', '用户状态', '2019-10-27 20:31:36');
INSERT INTO `dict` VALUES (4, 'dept_status', '部门状态', '2019-10-27 20:31:36');
INSERT INTO `dict` VALUES (5, 'job_status', '岗位状态', '2019-10-27 20:31:36');

-- ----------------------------
-- Table structure for dict_detail
-- ----------------------------
DROP TABLE IF EXISTS `dict_detail`;
CREATE TABLE `dict_detail`  (
  `id` bigint(11) NOT NULL AUTO_INCREMENT,
  `label` varchar(255) CHARACTER SET utf8 COLLATE utf8_general_ci NOT NULL COMMENT '字典标签',
  `value` varchar(255) CHARACTER SET utf8 COLLATE utf8_general_ci NOT NULL COMMENT '字典值',
  `sort` varchar(255) CHARACTER SET utf8 COLLATE utf8_general_ci NULL DEFAULT NULL COMMENT '排序',
  `dict_id` bigint(11) NULL DEFAULT NULL COMMENT '字典id',
  `create_time` datetime NULL DEFAULT NULL,
  PRIMARY KEY (`id`) USING BTREE,
  INDEX `FK5tpkputc6d9nboxojdbgnpmyb`(`dict_id`) USING BTREE,
  CONSTRAINT `FK5tpkputc6d9nboxojdbgnpmyb` FOREIGN KEY (`dict_id`) REFERENCES `dict` (`id`) ON DELETE RESTRICT ON UPDATE RESTRICT
) ENGINE = InnoDB AUTO_INCREMENT = 17 CHARACTER SET = utf8 COLLATE = utf8_general_ci ROW_FORMAT = Compact;

-- ----------------------------
-- Records of dict_detail
-- ----------------------------
INSERT INTO `dict_detail` VALUES (1, '激活', 'true', '1', 1, '2019-10-27 20:31:36');
INSERT INTO `dict_detail` VALUES (2, '禁用', 'false', '2', 1, NULL);
INSERT INTO `dict_detail` VALUES (11, '启用', 'true', '1', 4, NULL);
INSERT INTO `dict_detail` VALUES (12, '停用', 'false', '2', 4, '2019-10-27 20:31:36');
INSERT INTO `dict_detail` VALUES (13, '启用', 'true', '1', 5, NULL);
INSERT INTO `dict_detail` VALUES (14, '停用', 'false', '2', 5, '2019-10-27 20:31:36');

-- ----------------------------
-- Table structure for email_config
-- ----------------------------
DROP TABLE IF EXISTS `email_config`;
CREATE TABLE `email_config`  (
  `id` bigint(20) NOT NULL AUTO_INCREMENT COMMENT 'ID',
  `from_user` varchar(255) CHARACTER SET utf8 COLLATE utf8_general_ci NULL DEFAULT NULL COMMENT '收件人',
  `host` varchar(255) CHARACTER SET utf8 COLLATE utf8_general_ci NULL DEFAULT NULL COMMENT '邮件服务器SMTP地址',
  `pass` varchar(255) CHARACTER SET utf8 COLLATE utf8_general_ci NULL DEFAULT NULL COMMENT '密码',
  `port` varchar(255) CHARACTER SET utf8 COLLATE utf8_general_ci NULL DEFAULT NULL COMMENT '端口',
  `user` varchar(255) CHARACTER SET utf8 COLLATE utf8_general_ci NULL DEFAULT NULL COMMENT '发件者用户名',
  PRIMARY KEY (`id`) USING BTREE
) ENGINE = InnoDB AUTO_INCREMENT = 2 CHARACTER SET = utf8 COLLATE = utf8_general_ci ROW_FORMAT = Compact;

-- ----------------------------
-- Table structure for gen_config
-- ----------------------------
DROP TABLE IF EXISTS `gen_config`;
CREATE TABLE `gen_config`  (
  `id` bigint(20) NOT NULL AUTO_INCREMENT COMMENT 'ID',
  `author` varchar(255) CHARACTER SET utf8 COLLATE utf8_general_ci NULL DEFAULT NULL COMMENT '作者',
  `cover` bit(1) NULL DEFAULT NULL COMMENT '是否覆盖',
  `module_name` varchar(255) CHARACTER SET utf8 COLLATE utf8_general_ci NULL DEFAULT NULL COMMENT '模块名称',
  `pack` varchar(255) CHARACTER SET utf8 COLLATE utf8_general_ci NULL DEFAULT NULL COMMENT '至于哪个包下',
  `path` varchar(255) CHARACTER SET utf8 COLLATE utf8_general_ci NULL DEFAULT NULL COMMENT '前端代码生成的路径',
  `api_path` varchar(255) CHARACTER SET utf8 COLLATE utf8_general_ci NULL DEFAULT NULL,
  `prefix` varchar(255) CHARACTER SET utf8 COLLATE utf8_general_ci NULL DEFAULT NULL,
  PRIMARY KEY (`id`) USING BTREE
) ENGINE = InnoDB AUTO_INCREMENT = 2 CHARACTER SET = utf8 COLLATE = utf8_general_ci ROW_FORMAT = Compact;

-- ----------------------------
-- Records of gen_config
-- ----------------------------
INSERT INTO `gen_config` VALUES (1, 'Zheng Jie', b'0', 'eladmin-system', 'me.zhengjie.test', 'E:\\workspace\\me\\front\\eladmin-qt\\src\\views\\test1111', 'E:\\workspace\\me\\front\\eladmin-qt\\src\\api', NULL);

-- ----------------------------
-- Table structure for job
-- ----------------------------
DROP TABLE IF EXISTS `job`;
CREATE TABLE `job`  (
  `id` bigint(20) NOT NULL AUTO_INCREMENT,
  `name` varchar(255) CHARACTER SET utf8 COLLATE utf8_general_ci NOT NULL,
  `enabled` bit(1) NOT NULL,
  `sort` bigint(20) NOT NULL,
  `dept_id` bigint(20) NULL DEFAULT NULL,
  `create_time` datetime NULL DEFAULT NULL,
  PRIMARY KEY (`id`) USING BTREE,
  INDEX `FKmvhj0rogastlctflsxf1d6k3i`(`dept_id`) USING BTREE,
  CONSTRAINT `FKmvhj0rogastlctflsxf1d6k3i` FOREIGN KEY (`dept_id`) REFERENCES `dept` (`id`) ON DELETE RESTRICT ON UPDATE RESTRICT
) ENGINE = InnoDB AUTO_INCREMENT = 14 CHARACTER SET = utf8 COLLATE = utf8_general_ci ROW_FORMAT = Compact;

-- ----------------------------
-- Records of job
-- ----------------------------
INSERT INTO `job` VALUES (2, '董事长秘书', b'1', 2, 1, '2019-03-29 14:01:30');
INSERT INTO `job` VALUES (8, '人事专员', b'1', 3, 11, '2019-03-29 14:52:28');
INSERT INTO `job` VALUES (10, '产品经理', b'1', 4, 2, '2019-03-29 14:55:51');
INSERT INTO `job` VALUES (11, '全栈开发', b'1', 6, 2, '2019-03-31 13:39:30');
INSERT INTO `job` VALUES (12, '软件测试', b'1', 5, 2, '2019-03-31 13:39:43');

-- ----------------------------
-- Table structure for local_storage
-- ----------------------------
DROP TABLE IF EXISTS `local_storage`;
CREATE TABLE `local_storage`  (
  `id` bigint(20) NOT NULL AUTO_INCREMENT,
  `real_name` varchar(255) CHARACTER SET utf8 COLLATE utf8_general_ci NULL DEFAULT NULL,
  `name` varchar(255) CHARACTER SET utf8 COLLATE utf8_general_ci NULL DEFAULT NULL COMMENT '文件名',
  `suffix` varchar(255) CHARACTER SET utf8 COLLATE utf8_general_ci NULL DEFAULT NULL COMMENT '后缀',
  `path` varchar(255) CHARACTER SET utf8 COLLATE utf8_general_ci NULL DEFAULT NULL COMMENT '路径',
  `type` varchar(255) CHARACTER SET utf8 COLLATE utf8_general_ci NULL DEFAULT NULL COMMENT '类型',
  `size` varchar(100) CHARACTER SET utf8 COLLATE utf8_general_ci NULL DEFAULT NULL COMMENT '大小',
  `operate` varchar(255) CHARACTER SET utf8 COLLATE utf8_general_ci NULL DEFAULT NULL COMMENT '操作人',
  `create_time` datetime NULL DEFAULT NULL COMMENT '创建日期',
  PRIMARY KEY (`id`) USING BTREE
) ENGINE = InnoDB AUTO_INCREMENT = 3 CHARACTER SET = utf8 COLLATE = utf8_general_ci ROW_FORMAT = Compact;

-- ----------------------------
-- Table structure for log
-- ----------------------------
DROP TABLE IF EXISTS `log`;
CREATE TABLE `log`  (
  `id` bigint(20) NOT NULL AUTO_INCREMENT,
  `create_time` datetime NULL DEFAULT NULL,
  `description` varchar(255) CHARACTER SET utf8 COLLATE utf8_general_ci NULL DEFAULT NULL,
  `exception_detail` text CHARACTER SET utf8 COLLATE utf8_general_ci NULL,
  `log_type` varchar(255) CHARACTER SET utf8 COLLATE utf8_general_ci NULL DEFAULT NULL,
  `method` varchar(255) CHARACTER SET utf8 COLLATE utf8_general_ci NULL DEFAULT NULL,
  `params` text CHARACTER SET utf8 COLLATE utf8_general_ci NULL,
  `request_ip` varchar(255) CHARACTER SET utf8 COLLATE utf8_general_ci NULL DEFAULT NULL,
  `time` bigint(20) NULL DEFAULT NULL,
  `username` varchar(255) CHARACTER SET utf8 COLLATE utf8_general_ci NULL DEFAULT NULL,
  `address` varchar(255) CHARACTER SET utf8 COLLATE utf8_general_ci NULL DEFAULT NULL,
  `browser` varchar(255) CHARACTER SET utf8 COLLATE utf8_general_ci NULL DEFAULT NULL,
  PRIMARY KEY (`id`) USING BTREE
) ENGINE = InnoDB AUTO_INCREMENT = 17040 CHARACTER SET = utf8 COLLATE = utf8_general_ci ROW_FORMAT = Compact;

-- ----------------------------
-- Table structure for menu
-- ----------------------------
DROP TABLE IF EXISTS `menu`;
CREATE TABLE `menu`  (
  `id` bigint(20) NOT NULL AUTO_INCREMENT COMMENT 'ID',
  `i_frame` bit(1) NULL DEFAULT NULL COMMENT '是否外链',
  `name` varchar(255) CHARACTER SET utf8 COLLATE utf8_general_ci NULL DEFAULT NULL COMMENT '菜单名称',
  `component` varchar(255) CHARACTER SET utf8 COLLATE utf8_general_ci NULL DEFAULT NULL COMMENT '组件',
  `pid` bigint(20) NOT NULL COMMENT '上级菜单ID',
  `sort` bigint(20) NULL DEFAULT NULL COMMENT '排序',
  `icon` varchar(255) CHARACTER SET utf8 COLLATE utf8_general_ci NULL DEFAULT NULL COMMENT '图标',
  `path` varchar(255) CHARACTER SET utf8 COLLATE utf8_general_ci NULL DEFAULT NULL COMMENT '链接地址',
  `cache` bit(1) NULL DEFAULT b'0',
  `hidden` bit(1) NULL DEFAULT b'0',
  `component_name` varchar(20) CHARACTER SET utf8 COLLATE utf8_general_ci NULL DEFAULT '-',
  `create_time` datetime NULL DEFAULT NULL COMMENT '创建日期',
  `permission` varchar(255) CHARACTER SET utf8 COLLATE utf8_general_ci NULL DEFAULT NULL,
  `type` int(11) NULL DEFAULT NULL,
  PRIMARY KEY (`id`) USING BTREE,
  INDEX `FKqcf9gem97gqa5qjm4d3elcqt5`(`pid`) USING BTREE
) ENGINE = InnoDB AUTO_INCREMENT = 81 CHARACTER SET = utf8 COLLATE = utf8_general_ci ROW_FORMAT = Compact;

-- ----------------------------
-- Records of menu
-- ----------------------------
INSERT INTO `menu` VALUES (1, b'0', '系统管理', NULL, 0, 1, 'system', 'system', b'0', b'0', NULL, '2018-12-18 15:11:29', NULL, 0);
INSERT INTO `menu` VALUES (2, b'0', '用户管理', 'system/user/index', 1, 2, 'peoples', 'user', b'0', b'0', 'User', '2018-12-18 15:14:44', 'user:list', 1);
INSERT INTO `menu` VALUES (3, b'0', '角色管理', 'system/role/index', 1, 3, 'role', 'role', b'0', b'0', 'Role', '2018-12-18 15:16:07', 'roles:list', 1);
INSERT INTO `menu` VALUES (5, b'0', '菜单管理', 'system/menu/index', 1, 5, 'menu', 'menu', b'0', b'0', 'Menu', '2018-12-18 15:17:28', 'menu:list', 1);
INSERT INTO `menu` VALUES (6, b'0', '系统监控', NULL, 0, 10, 'monitor', 'monitor', b'0', b'0', NULL, '2018-12-18 15:17:48', NULL, 0);
INSERT INTO `menu` VALUES (7, b'0', '操作日志', 'monitor/log/index', 6, 11, 'log', 'logs', b'0', b'0', 'Log', '2018-12-18 15:18:26', NULL, 1);
INSERT INTO `menu` VALUES (8, b'0', '系统缓存', 'monitor/redis/index', 6, 13, 'redis', 'redis', b'0', b'0', 'Redis', '2018-12-18 15:19:01', 'redis:list', 1);
INSERT INTO `menu` VALUES (9, b'0', 'SQL监控', 'monitor/sql/index', 6, 14, 'sqlMonitor', 'druid', b'0', b'0', 'Sql', '2018-12-18 15:19:34', NULL, 1);
INSERT INTO `menu` VALUES (10, b'0', '组件管理', NULL, 0, 50, 'zujian', 'components', b'0', b'0', NULL, '2018-12-19 13:38:16', NULL, 0);
INSERT INTO `menu` VALUES (11, b'0', '图标库', 'components/IconSelect', 10, 51, 'icon', 'icon', b'0', b'0', 'Icons', '2018-12-19 13:38:49', NULL, 1);
INSERT INTO `menu` VALUES (14, b'0', '邮件工具', 'tools/email/index', 36, 24, 'email', 'email', b'0', b'0', 'Email', '2018-12-27 10:13:09', NULL, 1);
INSERT INTO `menu` VALUES (15, b'0', '富文本', 'components/Editor', 10, 52, 'fwb', 'tinymce', b'0', b'0', 'Editor', '2018-12-27 11:58:25', NULL, 1);
INSERT INTO `menu` VALUES (16, b'0', '图床管理', 'tools/picture/index', 36, 25, 'image', 'pictures', b'0', b'0', 'Pictures', '2018-12-28 09:36:53', 'pictures:list', 1);
INSERT INTO `menu` VALUES (18, b'0', '存储管理', 'tools/storage/index', 36, 23, 'qiniu', 'storage', b'0', b'0', 'Storage', '2018-12-31 11:12:15', 'storage:list', 1);
INSERT INTO `menu` VALUES (19, b'0', '支付宝工具', 'tools/aliPay/index', 36, 27, 'alipay', 'aliPay', b'0', b'0', 'AliPay', '2018-12-31 14:52:38', NULL, 1);
INSERT INTO `menu` VALUES (21, b'0', '多级菜单', '', 0, 900, 'menu', 'nested', b'0', b'1', NULL, '2019-01-04 16:22:03', NULL, 0);
INSERT INTO `menu` VALUES (22, b'0', '二级菜单1', 'nested/menu1/index', 21, 999, 'menu', 'menu1', b'0', b'0', NULL, '2019-01-04 16:23:29', NULL, 1);
INSERT INTO `menu` VALUES (23, b'0', '二级菜单2', 'nested/menu2/index', 21, 999, 'menu', 'menu2', b'0', b'0', NULL, '2019-01-04 16:23:57', NULL, 1);
INSERT INTO `menu` VALUES (24, b'0', '三级菜单1', 'nested/menu1/menu1-1', 22, 999, 'menu', 'menu1-1', b'0', b'0', NULL, '2019-01-04 16:24:48', NULL, 1);
INSERT INTO `menu` VALUES (27, b'0', '三级菜单2', 'nested/menu1/menu1-2', 22, 999, 'menu', 'menu1-2', b'0', b'0', NULL, '2019-01-07 17:27:32', NULL, 1);
INSERT INTO `menu` VALUES (28, b'0', '定时任务', 'system/timing/index', 36, 21, 'timing', 'timing', b'0', b'0', 'Timing', '2019-01-07 20:34:40', 'timing:list', 1);
INSERT INTO `menu` VALUES (30, b'0', '代码生成', 'generator/index', 36, 22, 'dev', 'generator', b'0', b'0', 'GeneratorIndex', '2019-01-11 15:45:55', NULL, 1);
INSERT INTO `menu` VALUES (32, b'0', '异常日志', 'monitor/log/errorLog', 6, 12, 'error', 'errorLog', b'0', b'0', 'ErrorLog', '2019-01-13 13:49:03', NULL, 1);
INSERT INTO `menu` VALUES (33, b'0', 'Markdown', 'components/MarkDown', 10, 53, 'markdown', 'markdown', b'0', b'0', 'Markdown', '2019-03-08 13:46:44', NULL, 1);
INSERT INTO `menu` VALUES (34, b'0', 'Yaml编辑器', 'components/YamlEdit', 10, 54, 'dev', 'yaml', b'0', b'0', 'YamlEdit', '2019-03-08 15:49:40', NULL, 1);
INSERT INTO `menu` VALUES (35, b'0', '部门管理', 'system/dept/index', 1, 6, 'dept', 'dept', b'0', b'0', 'Dept', '2019-03-25 09:46:00', 'dept:list', 1);
INSERT INTO `menu` VALUES (36, b'0', '系统工具', '', 0, 20, 'sys-tools', 'sys-tools', b'0', b'0', NULL, '2019-03-29 10:57:35', NULL, 0);
INSERT INTO `menu` VALUES (37, b'0', '岗位管理', 'system/job/index', 1, 7, 'Steve-Jobs', 'job', b'0', b'0', 'Job', '2019-03-29 13:51:18', 'job:list', 1);
INSERT INTO `menu` VALUES (38, b'0', '接口文档', 'tools/swagger/index', 36, 26, 'swagger', 'swagger2', b'0', b'0', 'Swagger', '2019-03-29 19:57:53', NULL, 1);
INSERT INTO `menu` VALUES (39, b'0', '字典管理', 'system/dict/index', 1, 8, 'dictionary', 'dict', b'0', b'0', 'Dict', '2019-04-10 11:49:04', 'dict:list', 1);
INSERT INTO `menu` VALUES (41, b'0', '在线用户', 'monitor/online/index', 6, 10, 'Steve-Jobs', 'online', b'0', b'0', 'OnlineUser', '2019-10-26 22:08:43', NULL, 1);
INSERT INTO `menu` VALUES (44, b'0', '用户新增', '', 2, 2, '', '', b'0', b'0', '', '2019-10-29 10:59:46', 'user:add', 2);
INSERT INTO `menu` VALUES (45, b'0', '用户编辑', '', 2, 3, '', '', b'0', b'0', '', '2019-10-29 11:00:08', 'user:edit', 2);
INSERT INTO `menu` VALUES (46, b'0', '用户删除', '', 2, 4, '', '', b'0', b'0', '', '2019-10-29 11:00:23', 'user:del', 2);
INSERT INTO `menu` VALUES (48, b'0', '角色创建', '', 3, 2, '', '', b'0', b'0', '', '2019-10-29 12:45:34', 'roles:add', 2);
INSERT INTO `menu` VALUES (49, b'0', '角色修改', '', 3, 3, '', '', b'0', b'0', '', '2019-10-29 12:46:16', 'roles:edit', 2);
INSERT INTO `menu` VALUES (50, b'0', '角色删除', '', 3, 4, '', '', b'0', b'0', '', '2019-10-29 12:46:51', 'roles:del', 2);
INSERT INTO `menu` VALUES (52, b'0', '菜单新增', '', 5, 2, '', '', b'0', b'0', '', '2019-10-29 12:55:07', 'menu:add', 2);
INSERT INTO `menu` VALUES (53, b'0', '菜单编辑', '', 5, 3, '', '', b'0', b'0', '', '2019-10-29 12:55:40', 'menu:edit', 2);
INSERT INTO `menu` VALUES (54, b'0', '菜单删除', '', 5, 4, '', '', b'0', b'0', '', '2019-10-29 12:56:00', 'menu:del', 2);
INSERT INTO `menu` VALUES (56, b'0', '部门新增', '', 35, 2, '', '', b'0', b'0', '', '2019-10-29 12:57:09', 'dept:add', 2);
INSERT INTO `menu` VALUES (57, b'0', '部门编辑', '', 35, 3, '', '', b'0', b'0', '', '2019-10-29 12:57:27', 'dept:edit', 2);
INSERT INTO `menu` VALUES (58, b'0', '部门删除', '', 35, 4, '', '', b'0', b'0', '', '2019-10-29 12:57:41', 'dept:del', 2);
INSERT INTO `menu` VALUES (60, b'0', '岗位新增', '', 37, 2, '', '', b'0', b'0', '', '2019-10-29 12:58:27', 'job:add', 2);
INSERT INTO `menu` VALUES (61, b'0', '岗位编辑', '', 37, 3, '', '', b'0', b'0', '', '2019-10-29 12:58:45', 'job:edit', 2);
INSERT INTO `menu` VALUES (62, b'0', '岗位删除', '', 37, 4, '', '', b'0', b'0', '', '2019-10-29 12:59:04', 'job:del', 2);
INSERT INTO `menu` VALUES (64, b'0', '字典新增', '', 39, 2, '', '', b'0', b'0', '', '2019-10-29 13:00:17', 'dict:add', 2);
INSERT INTO `menu` VALUES (65, b'0', '字典编辑', '', 39, 3, '', '', b'0', b'0', '', '2019-10-29 13:00:42', 'dict:edit', 2);
INSERT INTO `menu` VALUES (66, b'0', '字典删除', '', 39, 4, '', '', b'0', b'0', '', '2019-10-29 13:00:59', 'dict:del', 2);
INSERT INTO `menu` VALUES (68, b'0', '缓存删除', '', 8, 2, '', '', b'0', b'0', '', '2019-10-29 13:04:07', 'redis:del', 2);
INSERT INTO `menu` VALUES (70, b'0', '图片上传', '', 16, 2, '', '', b'0', b'0', '', '2019-10-29 13:05:34', 'pictures:add', 2);
INSERT INTO `menu` VALUES (71, b'0', '图片删除', '', 16, 3, '', '', b'0', b'0', '', '2019-10-29 13:05:52', 'pictures:del', 2);
INSERT INTO `menu` VALUES (73, b'0', '任务新增', '', 28, 2, '', '', b'0', b'0', '', '2019-10-29 13:07:28', 'timing:add', 2);
INSERT INTO `menu` VALUES (74, b'0', '任务编辑', '', 28, 3, '', '', b'0', b'0', '', '2019-10-29 13:07:41', 'timing:edit', 2);
INSERT INTO `menu` VALUES (75, b'0', '任务删除', '', 28, 4, '', '', b'0', b'0', '', '2019-10-29 13:07:54', 'timing:del', 2);
INSERT INTO `menu` VALUES (77, b'0', '上传文件', '', 18, 2, '', '', b'0', b'0', '', '2019-10-29 13:09:09', 'storage:add', 2);
INSERT INTO `menu` VALUES (78, b'0', '文件编辑', '', 18, 3, '', '', b'0', b'0', '', '2019-10-29 13:09:22', 'storage:edit', 2);
INSERT INTO `menu` VALUES (79, b'0', '文件删除', '', 18, 4, '', '', b'0', b'0', '', '2019-10-29 13:09:34', 'storage:del', 2);

-- ----------------------------
-- Table structure for picture
-- ----------------------------
DROP TABLE IF EXISTS `picture`;
CREATE TABLE `picture`  (
  `id` bigint(20) NOT NULL AUTO_INCREMENT COMMENT 'ID',
  `create_time` datetime NULL DEFAULT NULL COMMENT '上传日期',
  `delete_url` varchar(255) CHARACTER SET utf8 COLLATE utf8_general_ci NULL DEFAULT NULL COMMENT '删除的URL',
  `filename` varchar(255) CHARACTER SET utf8 COLLATE utf8_general_ci NULL DEFAULT NULL COMMENT '图片名称',
  `height` varchar(255) CHARACTER SET utf8 COLLATE utf8_general_ci NULL DEFAULT NULL COMMENT '图片高度',
  `size` varchar(255) CHARACTER SET utf8 COLLATE utf8_general_ci NULL DEFAULT NULL COMMENT '图片大小',
  `url` varchar(255) CHARACTER SET utf8 COLLATE utf8_general_ci NULL DEFAULT NULL COMMENT '图片地址',
  `username` varchar(255) CHARACTER SET utf8 COLLATE utf8_general_ci NULL DEFAULT NULL COMMENT '用户名称',
  `width` varchar(255) CHARACTER SET utf8 COLLATE utf8_general_ci NULL DEFAULT NULL COMMENT '图片宽度',
  `md5code` varchar(255) CHARACTER SET utf8 COLLATE utf8_general_ci NULL DEFAULT NULL,
  PRIMARY KEY (`id`) USING BTREE
) ENGINE = InnoDB AUTO_INCREMENT = 4 CHARACTER SET = utf8 COLLATE = utf8_general_ci ROW_FORMAT = Compact;

-- ----------------------------
-- Table structure for qiniu_config
-- ----------------------------
DROP TABLE IF EXISTS `qiniu_config`;
CREATE TABLE `qiniu_config`  (
  `id` bigint(20) NOT NULL AUTO_INCREMENT COMMENT 'ID',
  `access_key` text CHARACTER SET utf8 COLLATE utf8_general_ci NULL COMMENT 'accessKey',
  `bucket` varchar(255) CHARACTER SET utf8 COLLATE utf8_general_ci NULL DEFAULT NULL COMMENT 'Bucket 识别符',
  `host` varchar(255) CHARACTER SET utf8 COLLATE utf8_general_ci NOT NULL COMMENT '外链域名',
  `secret_key` text CHARACTER SET utf8 COLLATE utf8_general_ci NULL COMMENT 'secretKey',
  `type` varchar(255) CHARACTER SET utf8 COLLATE utf8_general_ci NULL DEFAULT NULL COMMENT '空间类型',
  `zone` varchar(255) CHARACTER SET utf8 COLLATE utf8_general_ci NULL DEFAULT NULL COMMENT '机房',
  PRIMARY KEY (`id`) USING BTREE
) ENGINE = InnoDB AUTO_INCREMENT = 2 CHARACTER SET = utf8 COLLATE = utf8_general_ci ROW_FORMAT = Compact;

-- ----------------------------
-- Table structure for qiniu_content
-- ----------------------------
DROP TABLE IF EXISTS `qiniu_content`;
CREATE TABLE `qiniu_content`  (
  `id` bigint(20) NOT NULL AUTO_INCREMENT COMMENT 'ID',
  `bucket` varchar(255) CHARACTER SET utf8 COLLATE utf8_general_ci NULL DEFAULT NULL COMMENT 'Bucket 识别符',
  `name` varchar(255) CHARACTER SET utf8 COLLATE utf8_general_ci NULL DEFAULT NULL COMMENT '文件名称',
  `size` varchar(255) CHARACTER SET utf8 COLLATE utf8_general_ci NULL DEFAULT NULL COMMENT '文件大小',
  `type` varchar(255) CHARACTER SET utf8 COLLATE utf8_general_ci NULL DEFAULT NULL COMMENT '文件类型：私有或公开',
  `update_time` datetime NULL DEFAULT NULL COMMENT '上传或同步的时间',
  `url` varchar(255) CHARACTER SET utf8 COLLATE utf8_general_ci NULL DEFAULT NULL COMMENT '文件url',
  `suffix` varchar(255) CHARACTER SET utf8 COLLATE utf8_general_ci NULL DEFAULT NULL,
  PRIMARY KEY (`id`) USING BTREE
) ENGINE = InnoDB AUTO_INCREMENT = 5 CHARACTER SET = utf8 COLLATE = utf8_general_ci ROW_FORMAT = Compact;

-- ----------------------------
-- Table structure for quartz_job
-- ----------------------------
DROP TABLE IF EXISTS `quartz_job`;
CREATE TABLE `quartz_job`  (
  `id` bigint(20) NOT NULL AUTO_INCREMENT COMMENT 'ID',
  `bean_name` varchar(255) CHARACTER SET utf8 COLLATE utf8_general_ci NULL DEFAULT NULL COMMENT 'Spring Bean名称',
  `cron_expression` varchar(255) CHARACTER SET utf8 COLLATE utf8_general_ci NULL DEFAULT NULL COMMENT 'cron 表达式',
  `is_pause` bit(1) NULL DEFAULT NULL COMMENT '状态：1暂停、0启用',
  `job_name` varchar(255) CHARACTER SET utf8 COLLATE utf8_general_ci NULL DEFAULT NULL COMMENT '任务名称',
  `method_name` varchar(255) CHARACTER SET utf8 COLLATE utf8_general_ci NULL DEFAULT NULL COMMENT '方法名称',
  `params` varchar(255) CHARACTER SET utf8 COLLATE utf8_general_ci NULL DEFAULT NULL COMMENT '参数',
  `remark` varchar(255) CHARACTER SET utf8 COLLATE utf8_general_ci NULL DEFAULT NULL COMMENT '备注',
  `create_time` datetime NULL DEFAULT NULL COMMENT '创建日期',
  PRIMARY KEY (`id`) USING BTREE
) ENGINE = InnoDB AUTO_INCREMENT = 4 CHARACTER SET = utf8 COLLATE = utf8_general_ci ROW_FORMAT = Compact;

-- ----------------------------
-- Records of quartz_job
-- ----------------------------
INSERT INTO `quartz_job` VALUES (1, 'visitsTask', '0 0 0 * * ?', b'0', '更新访客记录', 'run', NULL, '每日0点创建新的访客记录', '2019-01-08 14:53:31');
INSERT INTO `quartz_job` VALUES (2, 'testTask', '0/5 * * * * ?', b'1', '测试1', 'run1', 'test', '带参测试，多参使用json', '2019-08-22 14:08:29');
INSERT INTO `quartz_job` VALUES (3, 'testTask', '0/5 * * * * ?', b'1', '测试', 'run', '', '不带参测试', '2019-09-26 16:44:39');

-- ----------------------------
-- Table structure for quartz_log
-- ----------------------------
DROP TABLE IF EXISTS `quartz_log`;
CREATE TABLE `quartz_log`  (
  `id` bigint(20) NOT NULL AUTO_INCREMENT,
  `baen_name` varchar(255) CHARACTER SET utf8 COLLATE utf8_general_ci NULL DEFAULT NULL,
  `create_time` datetime NULL DEFAULT NULL,
  `cron_expression` varchar(255) CHARACTER SET utf8 COLLATE utf8_general_ci NULL DEFAULT NULL,
  `exception_detail` text CHARACTER SET utf8 COLLATE utf8_general_ci NULL,
  `is_success` bit(1) NULL DEFAULT NULL,
  `job_name` varchar(255) CHARACTER SET utf8 COLLATE utf8_general_ci NULL DEFAULT NULL,
  `method_name` varchar(255) CHARACTER SET utf8 COLLATE utf8_general_ci NULL DEFAULT NULL,
  `params` varchar(255) CHARACTER SET utf8 COLLATE utf8_general_ci NULL DEFAULT NULL,
  `time` bigint(20) NULL DEFAULT NULL,
  PRIMARY KEY (`id`) USING BTREE
) ENGINE = InnoDB AUTO_INCREMENT = 7 CHARACTER SET = utf8 COLLATE = utf8_general_ci ROW_FORMAT = Compact;

-- ----------------------------
-- Table structure for role
-- ----------------------------
DROP TABLE IF EXISTS `role`;
CREATE TABLE `role`  (
  `id` bigint(20) NOT NULL AUTO_INCREMENT COMMENT 'ID',
  `name` varchar(255) CHARACTER SET utf8 COLLATE utf8_general_ci NOT NULL COMMENT '名称',
  `remark` varchar(255) CHARACTER SET utf8 COLLATE utf8_general_ci NULL DEFAULT NULL COMMENT '备注',
  `data_scope` varchar(255) CHARACTER SET utf8 COLLATE utf8_general_ci NULL DEFAULT NULL,
  `level` int(255) NULL DEFAULT NULL,
  `create_time` datetime NULL DEFAULT NULL COMMENT '创建日期',
  `permission` varchar(255) CHARACTER SET utf8 COLLATE utf8_general_ci NULL DEFAULT NULL,
  PRIMARY KEY (`id`) USING BTREE
) ENGINE = InnoDB AUTO_INCREMENT = 6 CHARACTER SET = utf8 COLLATE = utf8_general_ci ROW_FORMAT = Compact;

-- ----------------------------
-- Records of role
-- ----------------------------
INSERT INTO `role` VALUES (1, '超级管理员', '-', '全部', 1, '2018-11-23 11:04:37', 'admin');
INSERT INTO `role` VALUES (2, '普通用户', '-', '自定义', 2, '2018-11-23 13:09:06', 'common');

-- ----------------------------
-- Table structure for roles_depts
-- ----------------------------
DROP TABLE IF EXISTS `roles_depts`;
CREATE TABLE `roles_depts`  (
  `role_id` bigint(20) NOT NULL,
  `dept_id` bigint(20) NOT NULL,
  PRIMARY KEY (`role_id`, `dept_id`) USING BTREE,
  INDEX `FK7qg6itn5ajdoa9h9o78v9ksur`(`dept_id`) USING BTREE,
  CONSTRAINT `FK7qg6itn5ajdoa9h9o78v9ksur` FOREIGN KEY (`dept_id`) REFERENCES `dept` (`id`) ON DELETE RESTRICT ON UPDATE RESTRICT,
  CONSTRAINT `FKrg1ci4cxxfbja0sb0pddju7k` FOREIGN KEY (`role_id`) REFERENCES `role` (`id`) ON DELETE RESTRICT ON UPDATE RESTRICT
) ENGINE = InnoDB CHARACTER SET = utf8 COLLATE = utf8_general_ci ROW_FORMAT = Compact;

-- ----------------------------
-- Records of roles_depts
-- ----------------------------
INSERT INTO `roles_depts` VALUES (2, 2);
INSERT INTO `roles_depts` VALUES (2, 5);

-- ----------------------------
-- Table structure for roles_menus
-- ----------------------------
DROP TABLE IF EXISTS `roles_menus`;
CREATE TABLE `roles_menus`  (
  `menu_id` bigint(20) NOT NULL COMMENT '菜单ID',
  `role_id` bigint(20) NOT NULL COMMENT '角色ID',
  PRIMARY KEY (`menu_id`, `role_id`) USING BTREE,
  INDEX `FKcngg2qadojhi3a651a5adkvbq`(`role_id`) USING BTREE,
  CONSTRAINT `FKo7wsmlrrxb2osfaoavp46rv2r` FOREIGN KEY (`menu_id`) REFERENCES `menu` (`id`) ON DELETE RESTRICT ON UPDATE RESTRICT,
  CONSTRAINT `FKtag324maketmxffly3pdyh193` FOREIGN KEY (`role_id`) REFERENCES `role` (`id`) ON DELETE RESTRICT ON UPDATE RESTRICT
) ENGINE = InnoDB CHARACTER SET = utf8 COLLATE = utf8_general_ci ROW_FORMAT = Compact;

-- ----------------------------
-- Records of roles_menus
-- ----------------------------
INSERT INTO `roles_menus` VALUES (1, 1);
INSERT INTO `roles_menus` VALUES (2, 1);
INSERT INTO `roles_menus` VALUES (3, 1);
INSERT INTO `roles_menus` VALUES (5, 1);
INSERT INTO `roles_menus` VALUES (6, 1);
INSERT INTO `roles_menus` VALUES (7, 1);
INSERT INTO `roles_menus` VALUES (8, 1);
INSERT INTO `roles_menus` VALUES (9, 1);
INSERT INTO `roles_menus` VALUES (10, 1);
INSERT INTO `roles_menus` VALUES (11, 1);
INSERT INTO `roles_menus` VALUES (14, 1);
INSERT INTO `roles_menus` VALUES (15, 1);
INSERT INTO `roles_menus` VALUES (16, 1);
INSERT INTO `roles_menus` VALUES (18, 1);
INSERT INTO `roles_menus` VALUES (19, 1);
INSERT INTO `roles_menus` VALUES (21, 1);
INSERT INTO `roles_menus` VALUES (22, 1);
INSERT INTO `roles_menus` VALUES (23, 1);
INSERT INTO `roles_menus` VALUES (24, 1);
INSERT INTO `roles_menus` VALUES (27, 1);
INSERT INTO `roles_menus` VALUES (28, 1);
INSERT INTO `roles_menus` VALUES (30, 1);
INSERT INTO `roles_menus` VALUES (32, 1);
INSERT INTO `roles_menus` VALUES (33, 1);
INSERT INTO `roles_menus` VALUES (34, 1);
INSERT INTO `roles_menus` VALUES (35, 1);
INSERT INTO `roles_menus` VALUES (36, 1);
INSERT INTO `roles_menus` VALUES (37, 1);
INSERT INTO `roles_menus` VALUES (38, 1);
INSERT INTO `roles_menus` VALUES (39, 1);
INSERT INTO `roles_menus` VALUES (41, 1);
INSERT INTO `roles_menus` VALUES (44, 1);
INSERT INTO `roles_menus` VALUES (45, 1);
INSERT INTO `roles_menus` VALUES (46, 1);
INSERT INTO `roles_menus` VALUES (48, 1);
INSERT INTO `roles_menus` VALUES (49, 1);
INSERT INTO `roles_menus` VALUES (50, 1);
INSERT INTO `roles_menus` VALUES (52, 1);
INSERT INTO `roles_menus` VALUES (53, 1);
INSERT INTO `roles_menus` VALUES (54, 1);
INSERT INTO `roles_menus` VALUES (56, 1);
INSERT INTO `roles_menus` VALUES (57, 1);
INSERT INTO `roles_menus` VALUES (58, 1);
INSERT INTO `roles_menus` VALUES (60, 1);
INSERT INTO `roles_menus` VALUES (61, 1);
INSERT INTO `roles_menus` VALUES (62, 1);
INSERT INTO `roles_menus` VALUES (64, 1);
INSERT INTO `roles_menus` VALUES (65, 1);
INSERT INTO `roles_menus` VALUES (66, 1);
INSERT INTO `roles_menus` VALUES (68, 1);
INSERT INTO `roles_menus` VALUES (70, 1);
INSERT INTO `roles_menus` VALUES (71, 1);
INSERT INTO `roles_menus` VALUES (73, 1);
INSERT INTO `roles_menus` VALUES (74, 1);
INSERT INTO `roles_menus` VALUES (75, 1);
INSERT INTO `roles_menus` VALUES (77, 1);
INSERT INTO `roles_menus` VALUES (78, 1);
INSERT INTO `roles_menus` VALUES (79, 1);
INSERT INTO `roles_menus` VALUES (1, 2);
INSERT INTO `roles_menus` VALUES (2, 2);
INSERT INTO `roles_menus` VALUES (3, 2);
INSERT INTO `roles_menus` VALUES (5, 2);
INSERT INTO `roles_menus` VALUES (6, 2);
INSERT INTO `roles_menus` VALUES (8, 2);
INSERT INTO `roles_menus` VALUES (9, 2);
INSERT INTO `roles_menus` VALUES (10, 2);
INSERT INTO `roles_menus` VALUES (11, 2);
INSERT INTO `roles_menus` VALUES (14, 2);
INSERT INTO `roles_menus` VALUES (15, 2);
INSERT INTO `roles_menus` VALUES (16, 2);
INSERT INTO `roles_menus` VALUES (18, 2);
INSERT INTO `roles_menus` VALUES (19, 2);
INSERT INTO `roles_menus` VALUES (21, 2);
INSERT INTO `roles_menus` VALUES (23, 2);
INSERT INTO `roles_menus` VALUES (24, 2);
INSERT INTO `roles_menus` VALUES (27, 2);
INSERT INTO `roles_menus` VALUES (28, 2);
INSERT INTO `roles_menus` VALUES (30, 2);
INSERT INTO `roles_menus` VALUES (33, 2);
INSERT INTO `roles_menus` VALUES (34, 2);
INSERT INTO `roles_menus` VALUES (35, 2);
INSERT INTO `roles_menus` VALUES (36, 2);
INSERT INTO `roles_menus` VALUES (37, 2);
INSERT INTO `roles_menus` VALUES (38, 2);
INSERT INTO `roles_menus` VALUES (39, 2);
INSERT INTO `roles_menus` VALUES (70, 2);
INSERT INTO `roles_menus` VALUES (71, 2);
INSERT INTO `roles_menus` VALUES (77, 2);
INSERT INTO `roles_menus` VALUES (78, 2);
INSERT INTO `roles_menus` VALUES (79, 2);

-- ----------------------------
-- Table structure for user
-- ----------------------------
DROP TABLE IF EXISTS `user`;
CREATE TABLE `user`  (
  `id` bigint(20) NOT NULL AUTO_INCREMENT COMMENT 'ID',
  `avatar_id` bigint(20) NULL DEFAULT NULL COMMENT '头像',
  `email` varchar(255) CHARACTER SET utf8 COLLATE utf8_general_ci NULL DEFAULT NULL COMMENT '邮箱',
  `enabled` bigint(20) NULL DEFAULT NULL COMMENT '状态：1启用、0禁用',
  `password` varchar(255) CHARACTER SET utf8 COLLATE utf8_general_ci NULL DEFAULT NULL COMMENT '密码',
  `username` varchar(255) CHARACTER SET utf8 COLLATE utf8_general_ci NULL DEFAULT NULL COMMENT '用户名',
  `dept_id` bigint(20) NULL DEFAULT NULL,
  `phone` varchar(255) CHARACTER SET utf8 COLLATE utf8_general_ci NULL DEFAULT NULL,
  `job_id` bigint(20) NULL DEFAULT NULL,
  `create_time` datetime NULL DEFAULT NULL COMMENT '创建日期',
  `last_password_reset_time` datetime NULL DEFAULT NULL COMMENT '最后修改密码的日期',
  PRIMARY KEY (`id`) USING BTREE,
  UNIQUE INDEX `UK_kpubos9gc2cvtkb0thktkbkes`(`email`) USING BTREE,
  UNIQUE INDEX `username`(`username`) USING BTREE,
  INDEX `FK5rwmryny6jthaaxkogownknqp`(`dept_id`) USING BTREE,
  INDEX `FKfftoc2abhot8f2wu6cl9a5iky`(`job_id`) USING BTREE,
  INDEX `FKpq2dhypk2qgt68nauh2by22jb`(`avatar_id`) USING BTREE,
  CONSTRAINT `FK5rwmryny6jthaaxkogownknqp` FOREIGN KEY (`dept_id`) REFERENCES `dept` (`id`) ON DELETE RESTRICT ON UPDATE RESTRICT,
  CONSTRAINT `FKfftoc2abhot8f2wu6cl9a5iky` FOREIGN KEY (`job_id`) REFERENCES `job` (`id`) ON DELETE RESTRICT ON UPDATE RESTRICT,
  CONSTRAINT `FKpq2dhypk2qgt68nauh2by22jb` FOREIGN KEY (`avatar_id`) REFERENCES `user_avatar` (`id`) ON DELETE RESTRICT ON UPDATE RESTRICT
) ENGINE = InnoDB AUTO_INCREMENT = 6 CHARACTER SET = utf8 COLLATE = utf8_general_ci ROW_FORMAT = Compact;

-- ----------------------------
-- Records of user
-- ----------------------------
INSERT INTO `user` VALUES (1, NULL, 'admin@eladmin.net', 1, 'e10adc3949ba59abbe56e057f20f883e', 'admin', 2, '18888888888', 11, '2018-08-23 09:11:56', '2019-05-18 17:34:21');
INSERT INTO `user` VALUES (3, NULL, 'test@eladmin.net', 1, 'e10adc3949ba59abbe56e057f20f883e', 'test', 2, '17777777777', 12, '2018-12-27 20:05:26', '2019-04-01 09:15:24');

-- ----------------------------
-- Table structure for user_avatar
-- ----------------------------
DROP TABLE IF EXISTS `user_avatar`;
CREATE TABLE `user_avatar`  (
  `id` bigint(20) NOT NULL AUTO_INCREMENT,
  `real_name` varchar(255) CHARACTER SET utf8 COLLATE utf8_general_ci NULL DEFAULT NULL,
  `path` varchar(255) CHARACTER SET utf8 COLLATE utf8_general_ci NULL DEFAULT NULL,
  `size` varchar(255) CHARACTER SET utf8 COLLATE utf8_general_ci NULL DEFAULT NULL,
  `create_time` datetime NULL DEFAULT NULL,
  PRIMARY KEY (`id`) USING BTREE
) ENGINE = InnoDB AUTO_INCREMENT = 2 CHARACTER SET = utf8 COLLATE = utf8_general_ci ROW_FORMAT = Compact;

-- ----------------------------
-- Table structure for users_roles
-- ----------------------------
DROP TABLE IF EXISTS `users_roles`;
CREATE TABLE `users_roles`  (
  `user_id` bigint(20) NOT NULL COMMENT '用户ID',
  `role_id` bigint(20) NOT NULL COMMENT '角色ID',
  PRIMARY KEY (`user_id`, `role_id`) USING BTREE,
  INDEX `FKq4eq273l04bpu4efj0jd0jb98`(`role_id`) USING BTREE,
  CONSTRAINT `FKgd3iendaoyh04b95ykqise6qh` FOREIGN KEY (`user_id`) REFERENCES `user` (`id`) ON DELETE RESTRICT ON UPDATE RESTRICT,
  CONSTRAINT `FKt4v0rrweyk393bdgt107vdx0x` FOREIGN KEY (`role_id`) REFERENCES `role` (`id`) ON DELETE RESTRICT ON UPDATE RESTRICT
) ENGINE = InnoDB CHARACTER SET = utf8 COLLATE = utf8_general_ci ROW_FORMAT = Compact;

-- ----------------------------
-- Records of users_roles
-- ----------------------------
INSERT INTO `users_roles` VALUES (1, 1);
INSERT INTO `users_roles` VALUES (3, 2);

-- ----------------------------
-- Table structure for verification_code
-- ----------------------------
DROP TABLE IF EXISTS `verification_code`;
CREATE TABLE `verification_code`  (
  `id` bigint(20) NOT NULL AUTO_INCREMENT COMMENT 'ID',
  `code` varchar(255) CHARACTER SET utf8 COLLATE utf8_general_ci NULL DEFAULT NULL COMMENT '验证码',
  `create_time` datetime NULL DEFAULT NULL COMMENT '创建日期',
  `status` bit(1) NULL DEFAULT NULL COMMENT '状态：1有效、0过期',
  `type` varchar(255) CHARACTER SET utf8 COLLATE utf8_general_ci NULL DEFAULT NULL COMMENT '验证码类型：email或者短信',
  `value` varchar(255) CHARACTER SET utf8 COLLATE utf8_general_ci NULL DEFAULT NULL COMMENT '接收邮箱或者手机号码',
  `scenes` varchar(255) CHARACTER SET utf8 COLLATE utf8_general_ci NULL DEFAULT NULL COMMENT '业务名称：如重置邮箱、重置密码等',
  PRIMARY KEY (`id`) USING BTREE
) ENGINE = InnoDB AUTO_INCREMENT = 1 CHARACTER SET = utf8 COLLATE = utf8_general_ci ROW_FORMAT = Compact;

-- ----------------------------
-- Table structure for visits
-- ----------------------------
DROP TABLE IF EXISTS `visits`;
CREATE TABLE `visits`  (
  `id` bigint(20) NOT NULL AUTO_INCREMENT,
  `create_time` datetime NULL DEFAULT NULL,
  `date` varchar(255) CHARACTER SET utf8 COLLATE utf8_general_ci NULL DEFAULT NULL,
  `ip_counts` bigint(20) NULL DEFAULT NULL,
  `pv_counts` bigint(20) NULL DEFAULT NULL,
  `week_day` varchar(255) CHARACTER SET utf8 COLLATE utf8_general_ci NULL DEFAULT NULL,
  PRIMARY KEY (`id`) USING BTREE,
  UNIQUE INDEX `UK_11aksgq87euk9bcyeesfs4vtp`(`date`) USING BTREE
) ENGINE = InnoDB AUTO_INCREMENT = 111 CHARACTER SET = utf8 COLLATE = utf8_general_ci ROW_FORMAT = Compact;

-- ----------------------------
-- Records of visits
-- ----------------------------
INSERT INTO `visits` VALUES (108, '2019-10-29 21:45:49', '2019-10-29', 1, 1, 'Tue');
INSERT INTO `visits` VALUES (109, '2019-10-30 08:58:54', '2019-10-30', 2, 11, 'Wed');
INSERT INTO `visits` VALUES (110, '2019-10-31 09:04:18', '2019-10-31', 2, 8, 'Thu');

SET FOREIGN_KEY_CHECKS = 1;
